"","combo"
"1","DG/L, DG/Al"
"2","DG/LW, DG/Al"
"3","DG/HPDB, DG/Al"
"4","DG/LG, DG/Al"
"5","DG/LGL, DG/Al"
"6","DG/Y, DG/Al"
"7","DG/R, DG/Al"
"8","DG/RY, DG/Al"
"9","DG/RW, DG/Al"
"10","DG/DBR, DG/Al"
"11","DG/LB, DG/Al"
"12","DG/O, DG/Al"
"13","DG/W, DG/Al"
"14","DG/B, DG/Al"
"15","DG/BW, DG/Al"
"16","L/DG, DG/Al"
"17","L/HPDB, DG/Al"
"18","L/LG, DG/Al"
"19","L/Y, DG/Al"
"20","L/R, DG/Al"
"21","L/RY, DG/Al"
"22","L/DB, DG/Al"
"23","L/DBR, DG/Al"
"24","L/LB, DG/Al"
"25","L/W, DG/Al"
"26","L/B, DG/Al"
"27","LW/DG, DG/Al"
"28","LW/LG, DG/Al"
"29","LW/R, DG/Al"
"30","LW/RY, DG/Al"
"31","LW/DBR, DG/Al"
"32","LW/LB, DG/Al"
"33","LW/O, DG/Al"
"34","LW/B, DG/Al"
"35","HPDB/DG, DG/Al"
"36","HPDB/L, DG/Al"
"37","HPDB/LG, DG/Al"
"38","HPDB/LGL, DG/Al"
"39","HPDB/R, DG/Al"
"40","HPDB/RY, DG/Al"
"41","HPDB/RW, DG/Al"
"42","HPDB/W, DG/Al"
"43","HPDB/BW, DG/Al"
"44","LG/DG, DG/Al"
"45","LG/L, DG/Al"
"46","LG/LW, DG/Al"
"47","LG/HPDB, DG/Al"
"48","LG/R, DG/Al"
"49","LG/RY, DG/Al"
"50","LG/RW, DG/Al"
"51","LG/DB, DG/Al"
"52","LG/DBR, DG/Al"
"53","LG/LB, DG/Al"
"54","LG/O, DG/Al"
"55","LG/W, DG/Al"
"56","LG/B, DG/Al"
"57","LG/BW, DG/Al"
"58","LGL/DG, DG/Al"
"59","LGL/HPDB, DG/Al"
"60","LGL/Y, DG/Al"
"61","LGL/R, DG/Al"
"62","LGL/RY, DG/Al"
"63","LGL/RW, DG/Al"
"64","LGL/DB, DG/Al"
"65","LGL/DBR, DG/Al"
"66","LGL/LB, DG/Al"
"67","LGL/O, DG/Al"
"68","LGL/W, DG/Al"
"69","LGL/B, DG/Al"
"70","LGL/BW, DG/Al"
"71","Y/DG, DG/Al"
"72","Y/L, DG/Al"
"73","Y/LG, DG/Al"
"74","Y/LGL, DG/Al"
"75","Y/RW, DG/Al"
"76","Y/DBR, DG/Al"
"77","Y/W, DG/Al"
"78","Y/BW, DG/Al"
"79","R/DG, DG/Al"
"80","R/L, DG/Al"
"81","R/LW, DG/Al"
"82","R/HPDB, DG/Al"
"83","R/LG, DG/Al"
"84","R/LGL, DG/Al"
"85","R/DB, DG/Al"
"86","R/W, DG/Al"
"87","R/B, DG/Al"
"88","R/BW, DG/Al"
"89","RY/DG, DG/Al"
"90","RY/L, DG/Al"
"91","RY/LW, DG/Al"
"92","RY/HPDB, DG/Al"
"93","RY/LG, DG/Al"
"94","RY/LGL, DG/Al"
"95","RY/O, DG/Al"
"96","RY/B, DG/Al"
"97","RY/BW, DG/Al"
"98","RW/DG, DG/Al"
"99","RW/HPDB, DG/Al"
"100","RW/LGL, DG/Al"
"101","RW/Y, DG/Al"
"102","RW/DB, DG/Al"
"103","RW/O, DG/Al"
"104","DB/DG, DG/Al"
"105","DB/LGL, DG/Al"
"106","DB/R, DG/Al"
"107","DB/RW, DG/Al"
"108","DB/LB, DG/Al"
"109","DB/BW, DG/Al"
"110","DBR/DG, DG/Al"
"111","DBR/L, DG/Al"
"112","DBR/LW, DG/Al"
"113","DBR/LG, DG/Al"
"114","DBR/LGL, DG/Al"
"115","DBR/Y, DG/Al"
"116","DBR/LB, DG/Al"
"117","DBR/O, DG/Al"
"118","DBR/W, DG/Al"
"119","DBR/B, DG/Al"
"120","DBR/BW, DG/Al"
"121","LB/DG, DG/Al"
"122","LB/L, DG/Al"
"123","LB/LW, DG/Al"
"124","LB/HPDB, DG/Al"
"125","LB/LGL, DG/Al"
"126","LB/Y, DG/Al"
"127","LB/R, DG/Al"
"128","LB/DB, DG/Al"
"129","LB/DBR, DG/Al"
"130","LB/O, DG/Al"
"131","LB/B, DG/Al"
"132","O/DG, DG/Al"
"133","O/L, DG/Al"
"134","O/LW, DG/Al"
"135","O/LG, DG/Al"
"136","O/LGL, DG/Al"
"137","O/Y, DG/Al"
"138","O/R, DG/Al"
"139","O/RY, DG/Al"
"140","O/RW, DG/Al"
"141","O/DB, DG/Al"
"142","O/DBR, DG/Al"
"143","O/LB, DG/Al"
"144","O/B, DG/Al"
"145","O/BW, DG/Al"
"146","W/DG, DG/Al"
"147","W/L, DG/Al"
"148","W/LG, DG/Al"
"149","W/LGL, DG/Al"
"150","W/R, DG/Al"
"151","W/RY, DG/Al"
"152","W/DBR, DG/Al"
"153","W/B, DG/Al"
"154","B/DG, DG/Al"
"155","B/L, DG/Al"
"156","B/LW, DG/Al"
"157","B/HPDB, DG/Al"
"158","B/LG, DG/Al"
"159","B/LGL, DG/Al"
"160","B/R, DG/Al"
"161","B/RY, DG/Al"
"162","B/RW, DG/Al"
"163","B/DB, DG/Al"
"164","B/DBR, DG/Al"
"165","B/LB, DG/Al"
"166","B/O, DG/Al"
"167","B/W, DG/Al"
"168","BW/DG, DG/Al"
"169","BW/L, DG/Al"
"170","BW/LG, DG/Al"
"171","BW/LGL, DG/Al"
"172","BW/Y, DG/Al"
"173","BW/R, DG/Al"
"174","BW/RY, DG/Al"
"175","BW/DB, DG/Al"
"176","BW/DBR, DG/Al"
"177","BW/O, DG/Al"
"178","DG/L, LG/Al"
"179","DG/LW, LG/Al"
"180","DG/HPDB, LG/Al"
"181","DG/LG, LG/Al"
"182","DG/LGL, LG/Al"
"183","DG/Y, LG/Al"
"184","DG/R, LG/Al"
"185","DG/RY, LG/Al"
"186","DG/RW, LG/Al"
"187","DG/DBR, LG/Al"
"188","DG/LB, LG/Al"
"189","DG/O, LG/Al"
"190","DG/W, LG/Al"
"191","DG/B, LG/Al"
"192","DG/BW, LG/Al"
"193","L/DG, LG/Al"
"194","L/HPDB, LG/Al"
"195","L/LG, LG/Al"
"196","L/Y, LG/Al"
"197","L/RY, LG/Al"
"198","L/RW, LG/Al"
"199","L/DB, LG/Al"
"200","L/DBR, LG/Al"
"201","L/LB, LG/Al"
"202","L/O, LG/Al"
"203","L/W, LG/Al"
"204","L/B, LG/Al"
"205","L/BW, LG/Al"
"206","LW/DG, LG/Al"
"207","LW/LG, LG/Al"
"208","LW/Y, LG/Al"
"209","LW/R, LG/Al"
"210","LW/RY, LG/Al"
"211","LW/DBR, LG/Al"
"212","LW/LB, LG/Al"
"213","LW/B, LG/Al"
"214","HPDB/DG, LG/Al"
"215","HPDB/L, LG/Al"
"216","HPDB/LW, LG/Al"
"217","HPDB/LG, LG/Al"
"218","HPDB/LGL, LG/Al"
"219","HPDB/Y, LG/Al"
"220","HPDB/R, LG/Al"
"221","HPDB/RW, LG/Al"
"222","HPDB/LB, LG/Al"
"223","HPDB/O, LG/Al"
"224","HPDB/W, LG/Al"
"225","HPDB/B, LG/Al"
"226","HPDB/BW, LG/Al"
"227","LG/DG, LG/Al"
"228","LG/L, LG/Al"
"229","LG/LW, LG/Al"
"230","LG/HPDB, LG/Al"
"231","LG/Y, LG/Al"
"232","LG/R, LG/Al"
"233","LG/RY, LG/Al"
"234","LG/DB, LG/Al"
"235","LG/DBR, LG/Al"
"236","LG/LB, LG/Al"
"237","LG/O, LG/Al"
"238","LG/B, LG/Al"
"239","LG/BW, LG/Al"
"240","LGL/DG, LG/Al"
"241","LGL/HPDB, LG/Al"
"242","LGL/Y, LG/Al"
"243","LGL/R, LG/Al"
"244","LGL/RY, LG/Al"
"245","LGL/RW, LG/Al"
"246","LGL/DB, LG/Al"
"247","LGL/DBR, LG/Al"
"248","LGL/LB, LG/Al"
"249","LGL/O, LG/Al"
"250","LGL/W, LG/Al"
"251","LGL/B, LG/Al"
"252","LGL/BW, LG/Al"
"253","Y/DG, LG/Al"
"254","Y/L, LG/Al"
"255","Y/LW, LG/Al"
"256","Y/HPDB, LG/Al"
"257","Y/LG, LG/Al"
"258","Y/LGL, LG/Al"
"259","Y/R, LG/Al"
"260","Y/RW, LG/Al"
"261","Y/DBR, LG/Al"
"262","Y/LB, LG/Al"
"263","Y/O, LG/Al"
"264","Y/W, LG/Al"
"265","Y/B, LG/Al"
"266","Y/BW, LG/Al"
"267","R/DG, LG/Al"
"268","R/LW, LG/Al"
"269","R/HPDB, LG/Al"
"270","R/LG, LG/Al"
"271","R/LGL, LG/Al"
"272","R/Y, LG/Al"
"273","R/DB, LG/Al"
"274","R/LB, LG/Al"
"275","R/O, LG/Al"
"276","R/W, LG/Al"
"277","R/B, LG/Al"
"278","R/BW, LG/Al"
"279","RY/DG, LG/Al"
"280","RY/LW, LG/Al"
"281","RY/LG, LG/Al"
"282","RY/LGL, LG/Al"
"283","RY/DB, LG/Al"
"284","RY/LB, LG/Al"
"285","RY/O, LG/Al"
"286","RY/B, LG/Al"
"287","RY/BW, LG/Al"
"288","RW/L, LG/Al"
"289","RW/HPDB, LG/Al"
"290","RW/LG, LG/Al"
"291","RW/LGL, LG/Al"
"292","RW/DB, LG/Al"
"293","RW/B, LG/Al"
"294","DB/L, LG/Al"
"295","DB/LW, LG/Al"
"296","DB/LG, LG/Al"
"297","DB/LGL, LG/Al"
"298","DB/Y, LG/Al"
"299","DB/R, LG/Al"
"300","DB/RY, LG/Al"
"301","DB/RW, LG/Al"
"302","DB/LB, LG/Al"
"303","DB/O, LG/Al"
"304","DB/B, LG/Al"
"305","DB/BW, LG/Al"
"306","DBR/DG, LG/Al"
"307","DBR/L, LG/Al"
"308","DBR/LW, LG/Al"
"309","DBR/LG, LG/Al"
"310","DBR/LGL, LG/Al"
"311","DBR/Y, LG/Al"
"312","DBR/LB, LG/Al"
"313","DBR/O, LG/Al"
"314","DBR/W, LG/Al"
"315","DBR/B, LG/Al"
"316","DBR/BW, LG/Al"
"317","LB/L, LG/Al"
"318","LB/LW, LG/Al"
"319","LB/LG, LG/Al"
"320","LB/LGL, LG/Al"
"321","LB/Y, LG/Al"
"322","LB/R, LG/Al"
"323","LB/RY, LG/Al"
"324","LB/DB, LG/Al"
"325","LB/DBR, LG/Al"
"326","LB/O, LG/Al"
"327","LB/W, LG/Al"
"328","LB/B, LG/Al"
"329","LB/BW, LG/Al"
"330","O/DG, LG/Al"
"331","O/L, LG/Al"
"332","O/HPDB, LG/Al"
"333","O/LG, LG/Al"
"334","O/LGL, LG/Al"
"335","O/R, LG/Al"
"336","O/RY, LG/Al"
"337","O/DBR, LG/Al"
"338","O/LB, LG/Al"
"339","O/W, LG/Al"
"340","O/B, LG/Al"
"341","O/BW, LG/Al"
"342","W/DG, LG/Al"
"343","W/LG, LG/Al"
"344","W/LGL, LG/Al"
"345","W/Y, LG/Al"
"346","W/R, LG/Al"
"347","W/DB, LG/Al"
"348","W/DBR, LG/Al"
"349","W/LB, LG/Al"
"350","W/O, LG/Al"
"351","W/B, LG/Al"
"352","B/DG, LG/Al"
"353","B/L, LG/Al"
"354","B/LW, LG/Al"
"355","B/HPDB, LG/Al"
"356","B/LG, LG/Al"
"357","B/LGL, LG/Al"
"358","B/Y, LG/Al"
"359","B/R, LG/Al"
"360","B/RY, LG/Al"
"361","B/RW, LG/Al"
"362","B/DB, LG/Al"
"363","B/DBR, LG/Al"
"364","B/LB, LG/Al"
"365","B/O, LG/Al"
"366","B/W, LG/Al"
"367","BW/DG, LG/Al"
"368","BW/L, LG/Al"
"369","BW/HPDB, LG/Al"
"370","BW/LG, LG/Al"
"371","BW/LGL, LG/Al"
"372","BW/R, LG/Al"
"373","BW/RY, LG/Al"
"374","BW/DB, LG/Al"
"375","BW/DBR, LG/Al"
"376","BW/LB, LG/Al"
"377","BW/O, LG/Al"
"378","DG/L, Y/Al"
"379","DG/LG, Y/Al"
"380","DG/LGL, Y/Al"
"381","DG/Y, Y/Al"
"382","DG/RY, Y/Al"
"383","DG/RW, Y/Al"
"384","DG/DB, Y/Al"
"385","DG/DBR, Y/Al"
"386","DG/O, Y/Al"
"387","DG/B, Y/Al"
"388","L/DG, Y/Al"
"389","L/HPDB, Y/Al"
"390","L/LG, Y/Al"
"391","L/RY, Y/Al"
"392","L/DBR, Y/Al"
"393","L/LB, Y/Al"
"394","L/O, Y/Al"
"395","L/W, Y/Al"
"396","L/B, Y/Al"
"397","LW/HPDB, Y/Al"
"398","LW/LG, Y/Al"
"399","LW/RY, Y/Al"
"400","LW/DBR, Y/Al"
"401","LW/LB, Y/Al"
"402","LW/O, Y/Al"
"403","LW/B, Y/Al"
"404","HPDB/L, Y/Al"
"405","HPDB/LW, Y/Al"
"406","HPDB/LG, Y/Al"
"407","HPDB/LGL, Y/Al"
"408","HPDB/Y, Y/Al"
"409","HPDB/RY, Y/Al"
"410","HPDB/RW, Y/Al"
"411","HPDB/LB, Y/Al"
"412","HPDB/O, Y/Al"
"413","HPDB/BW, Y/Al"
"414","LG/DG, Y/Al"
"415","LG/L, Y/Al"
"416","LG/LW, Y/Al"
"417","LG/Y, Y/Al"
"418","LG/R, Y/Al"
"419","LG/RY, Y/Al"
"420","LG/DB, Y/Al"
"421","LG/DBR, Y/Al"
"422","LG/LB, Y/Al"
"423","LG/O, Y/Al"
"424","LG/B, Y/Al"
"425","LG/BW, Y/Al"
"426","LGL/DG, Y/Al"
"427","LGL/HPDB, Y/Al"
"428","LGL/Y, Y/Al"
"429","LGL/R, Y/Al"
"430","LGL/RY, Y/Al"
"431","LGL/RW, Y/Al"
"432","LGL/DB, Y/Al"
"433","LGL/DBR, Y/Al"
"434","LGL/LB, Y/Al"
"435","LGL/O, Y/Al"
"436","LGL/W, Y/Al"
"437","LGL/B, Y/Al"
"438","LGL/BW, Y/Al"
"439","Y/DG, Y/Al"
"440","Y/L, Y/Al"
"441","Y/LW, Y/Al"
"442","Y/LG, Y/Al"
"443","Y/LGL, Y/Al"
"444","Y/R, Y/Al"
"445","Y/RW, Y/Al"
"446","Y/DB, Y/Al"
"447","Y/DBR, Y/Al"
"448","Y/LB, Y/Al"
"449","Y/W, Y/Al"
"450","Y/B, Y/Al"
"451","Y/BW, Y/Al"
"452","R/LGL, Y/Al"
"453","R/Y, Y/Al"
"454","R/DB, Y/Al"
"455","R/LB, Y/Al"
"456","R/O, Y/Al"
"457","R/W, Y/Al"
"458","R/B, Y/Al"
"459","RY/DG, Y/Al"
"460","RY/L, Y/Al"
"461","RY/LW, Y/Al"
"462","RY/HPDB, Y/Al"
"463","RY/LG, Y/Al"
"464","RY/LGL, Y/Al"
"465","RY/LB, Y/Al"
"466","RY/O, Y/Al"
"467","RY/B, Y/Al"
"468","RY/BW, Y/Al"
"469","RW/DG, Y/Al"
"470","RW/L, Y/Al"
"471","RW/HPDB, Y/Al"
"472","RW/LG, Y/Al"
"473","RW/LGL, Y/Al"
"474","RW/Y, Y/Al"
"475","RW/O, Y/Al"
"476","RW/B, Y/Al"
"477","DB/DG, Y/Al"
"478","DB/LW, Y/Al"
"479","DB/LGL, Y/Al"
"480","DB/Y, Y/Al"
"481","DB/RY, Y/Al"
"482","DB/O, Y/Al"
"483","DB/B, Y/Al"
"484","DBR/DG, Y/Al"
"485","DBR/L, Y/Al"
"486","DBR/LW, Y/Al"
"487","DBR/LG, Y/Al"
"488","DBR/LGL, Y/Al"
"489","DBR/Y, Y/Al"
"490","DBR/LB, Y/Al"
"491","DBR/O, Y/Al"
"492","DBR/W, Y/Al"
"493","DBR/B, Y/Al"
"494","DBR/BW, Y/Al"
"495","LB/DG, Y/Al"
"496","LB/L, Y/Al"
"497","LB/LW, Y/Al"
"498","LB/HPDB, Y/Al"
"499","LB/LG, Y/Al"
"500","LB/LGL, Y/Al"
"501","LB/Y, Y/Al"
"502","LB/RY, Y/Al"
"503","LB/RW, Y/Al"
"504","LB/DBR, Y/Al"
"505","LB/O, Y/Al"
"506","LB/B, Y/Al"
"507","LB/BW, Y/Al"
"508","O/L, Y/Al"
"509","O/LW, Y/Al"
"510","O/HPDB, Y/Al"
"511","O/LG, Y/Al"
"512","O/LGL, Y/Al"
"513","O/Y, Y/Al"
"514","O/R, Y/Al"
"515","O/RY, Y/Al"
"516","O/DB, Y/Al"
"517","O/DBR, Y/Al"
"518","O/LB, Y/Al"
"519","O/B, Y/Al"
"520","W/LG, Y/Al"
"521","W/Y, Y/Al"
"522","W/R, Y/Al"
"523","W/RY, Y/Al"
"524","W/DBR, Y/Al"
"525","W/LB, Y/Al"
"526","W/O, Y/Al"
"527","W/B, Y/Al"
"528","B/DG, Y/Al"
"529","B/L, Y/Al"
"530","B/LW, Y/Al"
"531","B/LG, Y/Al"
"532","B/LGL, Y/Al"
"533","B/Y, Y/Al"
"534","B/R, Y/Al"
"535","B/RY, Y/Al"
"536","B/RW, Y/Al"
"537","B/DB, Y/Al"
"538","B/DBR, Y/Al"
"539","B/O, Y/Al"
"540","BW/DG, Y/Al"
"541","BW/HPDB, Y/Al"
"542","BW/LG, Y/Al"
"543","BW/LGL, Y/Al"
"544","BW/Y, Y/Al"
"545","BW/R, Y/Al"
"546","BW/RY, Y/Al"
"547","BW/DBR, Y/Al"
"548","BW/LB, Y/Al"
"549","DG/L, R/Al"
"550","DG/LW, R/Al"
"551","DG/HPDB, R/Al"
"552","DG/LG, R/Al"
"553","DG/LGL, R/Al"
"554","DG/RY, R/Al"
"555","DG/DB, R/Al"
"556","DG/DBR, R/Al"
"557","DG/B, R/Al"
"558","DG/BW, R/Al"
"559","L/DG, R/Al"
"560","L/HPDB, R/Al"
"561","L/LG, R/Al"
"562","L/Y, R/Al"
"563","L/RY, R/Al"
"564","L/RW, R/Al"
"565","L/DBR, R/Al"
"566","L/O, R/Al"
"567","L/B, R/Al"
"568","LW/HPDB, R/Al"
"569","LW/LG, R/Al"
"570","LW/Y, R/Al"
"571","LW/R, R/Al"
"572","LW/RY, R/Al"
"573","LW/DBR, R/Al"
"574","LW/LB, R/Al"
"575","LW/B, R/Al"
"576","HPDB/L, R/Al"
"577","HPDB/LW, R/Al"
"578","HPDB/LG, R/Al"
"579","HPDB/LGL, R/Al"
"580","HPDB/Y, R/Al"
"581","HPDB/R, R/Al"
"582","HPDB/RY, R/Al"
"583","HPDB/RW, R/Al"
"584","HPDB/LB, R/Al"
"585","HPDB/O, R/Al"
"586","HPDB/B, R/Al"
"587","HPDB/BW, R/Al"
"588","LG/DG, R/Al"
"589","LG/LW, R/Al"
"590","LG/Y, R/Al"
"591","LG/R, R/Al"
"592","LG/RY, R/Al"
"593","LG/DBR, R/Al"
"594","LG/LB, R/Al"
"595","LG/W, R/Al"
"596","LG/B, R/Al"
"597","LG/BW, R/Al"
"598","LGL/DG, R/Al"
"599","LGL/HPDB, R/Al"
"600","LGL/R, R/Al"
"601","LGL/RY, R/Al"
"602","LGL/RW, R/Al"
"603","LGL/DB, R/Al"
"604","LGL/DBR, R/Al"
"605","LGL/LB, R/Al"
"606","LGL/O, R/Al"
"607","LGL/B, R/Al"
"608","LGL/BW, R/Al"
"609","Y/L, R/Al"
"610","Y/LGL, R/Al"
"611","Y/R, R/Al"
"612","Y/DBR, R/Al"
"613","Y/O, R/Al"
"614","Y/W, R/Al"
"615","Y/B, R/Al"
"616","R/DG, R/Al"
"617","R/L, R/Al"
"618","R/LW, R/Al"
"619","R/HPDB, R/Al"
"620","R/LG, R/Al"
"621","R/LGL, R/Al"
"622","R/Y, R/Al"
"623","R/DB, R/Al"
"624","R/LB, R/Al"
"625","R/O, R/Al"
"626","R/B, R/Al"
"627","R/BW, R/Al"
"628","RY/DG, R/Al"
"629","RY/L, R/Al"
"630","RY/LW, R/Al"
"631","RY/HPDB, R/Al"
"632","RY/LG, R/Al"
"633","RY/LGL, R/Al"
"634","RY/DB, R/Al"
"635","RY/LB, R/Al"
"636","RY/O, R/Al"
"637","RY/W, R/Al"
"638","RY/B, R/Al"
"639","RY/BW, R/Al"
"640","RW/DG, R/Al"
"641","RW/L, R/Al"
"642","RW/HPDB, R/Al"
"643","RW/LGL, R/Al"
"644","RW/Y, R/Al"
"645","RW/LB, R/Al"
"646","RW/O, R/Al"
"647","RW/B, R/Al"
"648","DB/DG, R/Al"
"649","DB/L, R/Al"
"650","DB/LW, R/Al"
"651","DB/LG, R/Al"
"652","DB/LGL, R/Al"
"653","DB/Y, R/Al"
"654","DB/R, R/Al"
"655","DB/RY, R/Al"
"656","DB/RW, R/Al"
"657","DB/LB, R/Al"
"658","DB/O, R/Al"
"659","DB/W, R/Al"
"660","DB/B, R/Al"
"661","DB/BW, R/Al"
"662","DBR/DG, R/Al"
"663","DBR/L, R/Al"
"664","DBR/LW, R/Al"
"665","DBR/LG, R/Al"
"666","DBR/LGL, R/Al"
"667","DBR/Y, R/Al"
"668","DBR/LB, R/Al"
"669","DBR/O, R/Al"
"670","DBR/B, R/Al"
"671","DBR/BW, R/Al"
"672","LB/DG, R/Al"
"673","LB/LW, R/Al"
"674","LB/HPDB, R/Al"
"675","LB/LG, R/Al"
"676","LB/R, R/Al"
"677","LB/RY, R/Al"
"678","LB/DB, R/Al"
"679","LB/DBR, R/Al"
"680","LB/O, R/Al"
"681","LB/W, R/Al"
"682","LB/B, R/Al"
"683","LB/BW, R/Al"
"684","O/DG, R/Al"
"685","O/L, R/Al"
"686","O/HPDB, R/Al"
"687","O/LG, R/Al"
"688","O/Y, R/Al"
"689","O/R, R/Al"
"690","O/RY, R/Al"
"691","O/RW, R/Al"
"692","O/DB, R/Al"
"693","O/DBR, R/Al"
"694","O/B, R/Al"
"695","W/L, R/Al"
"696","W/LGL, R/Al"
"697","W/Y, R/Al"
"698","W/R, R/Al"
"699","W/RY, R/Al"
"700","W/DBR, R/Al"
"701","W/LB, R/Al"
"702","W/B, R/Al"
"703","B/L, R/Al"
"704","B/LW, R/Al"
"705","B/HPDB, R/Al"
"706","B/LG, R/Al"
"707","B/LGL, R/Al"
"708","B/R, R/Al"
"709","B/RY, R/Al"
"710","B/RW, R/Al"
"711","B/DB, R/Al"
"712","B/DBR, R/Al"
"713","B/LB, R/Al"
"714","B/O, R/Al"
"715","BW/DG, R/Al"
"716","BW/L, R/Al"
"717","BW/HPDB, R/Al"
"718","BW/LG, R/Al"
"719","BW/LGL, R/Al"
"720","BW/R, R/Al"
"721","BW/RY, R/Al"
"722","BW/DB, R/Al"
"723","BW/DBR, R/Al"
"724","BW/LB, R/Al"
"725","DG/L, DB/Al"
"726","DG/HPDB, DB/Al"
"727","DG/LG, DB/Al"
"728","DG/LGL, DB/Al"
"729","DG/R, DB/Al"
"730","DG/DB, DB/Al"
"731","DG/DBR, DB/Al"
"732","DG/LB, DB/Al"
"733","DG/O, DB/Al"
"734","DG/W, DB/Al"
"735","DG/B, DB/Al"
"736","DG/BW, DB/Al"
"737","L/DG, DB/Al"
"738","L/HPDB, DB/Al"
"739","L/LG, DB/Al"
"740","L/R, DB/Al"
"741","L/RY, DB/Al"
"742","L/RW, DB/Al"
"743","L/DB, DB/Al"
"744","L/DBR, DB/Al"
"745","L/LB, DB/Al"
"746","L/O, DB/Al"
"747","L/W, DB/Al"
"748","L/B, DB/Al"
"749","L/BW, DB/Al"
"750","LW/DG, DB/Al"
"751","LW/HPDB, DB/Al"
"752","LW/Y, DB/Al"
"753","LW/R, DB/Al"
"754","LW/RY, DB/Al"
"755","LW/DB, DB/Al"
"756","LW/DBR, DB/Al"
"757","LW/O, DB/Al"
"758","HPDB/DG, DB/Al"
"759","HPDB/L, DB/Al"
"760","HPDB/LW, DB/Al"
"761","HPDB/LGL, DB/Al"
"762","HPDB/Y, DB/Al"
"763","HPDB/R, DB/Al"
"764","HPDB/RY, DB/Al"
"765","HPDB/RW, DB/Al"
"766","HPDB/LB, DB/Al"
"767","HPDB/W, DB/Al"
"768","HPDB/B, DB/Al"
"769","LG/L, DB/Al"
"770","LG/R, DB/Al"
"771","LG/RY, DB/Al"
"772","LG/DB, DB/Al"
"773","LG/DBR, DB/Al"
"774","LG/B, DB/Al"
"775","LG/BW, DB/Al"
"776","LGL/DG, DB/Al"
"777","LGL/HPDB, DB/Al"
"778","LGL/Y, DB/Al"
"779","LGL/R, DB/Al"
"780","LGL/RY, DB/Al"
"781","LGL/RW, DB/Al"
"782","LGL/DB, DB/Al"
"783","LGL/DBR, DB/Al"
"784","LGL/LB, DB/Al"
"785","LGL/W, DB/Al"
"786","LGL/B, DB/Al"
"787","LGL/BW, DB/Al"
"788","Y/L, DB/Al"
"789","Y/LG, DB/Al"
"790","Y/LGL, DB/Al"
"791","Y/R, DB/Al"
"792","Y/DB, DB/Al"
"793","Y/DBR, DB/Al"
"794","Y/LB, DB/Al"
"795","Y/O, DB/Al"
"796","Y/B, DB/Al"
"797","R/L, DB/Al"
"798","R/LW, DB/Al"
"799","R/HPDB, DB/Al"
"800","R/LGL, DB/Al"
"801","R/Y, DB/Al"
"802","R/DB, DB/Al"
"803","R/LB, DB/Al"
"804","R/O, DB/Al"
"805","R/B, DB/Al"
"806","R/BW, DB/Al"
"807","RY/L, DB/Al"
"808","RY/LW, DB/Al"
"809","RY/HPDB, DB/Al"
"810","RY/LG, DB/Al"
"811","RY/LGL, DB/Al"
"812","RY/DB, DB/Al"
"813","RY/LB, DB/Al"
"814","RY/O, DB/Al"
"815","RY/W, DB/Al"
"816","RY/BW, DB/Al"
"817","RW/DG, DB/Al"
"818","RW/HPDB, DB/Al"
"819","RW/LG, DB/Al"
"820","RW/LGL, DB/Al"
"821","RW/DB, DB/Al"
"822","RW/LB, DB/Al"
"823","RW/B, DB/Al"
"824","DB/DG, DB/Al"
"825","DB/L, DB/Al"
"826","DB/LG, DB/Al"
"827","DB/LGL, DB/Al"
"828","DB/Y, DB/Al"
"829","DB/R, DB/Al"
"830","DB/RY, DB/Al"
"831","DB/RW, DB/Al"
"832","DB/LB, DB/Al"
"833","DB/O, DB/Al"
"834","DB/W, DB/Al"
"835","DB/B, DB/Al"
"836","DB/BW, DB/Al"
"837","DBR/DG, DB/Al"
"838","DBR/L, DB/Al"
"839","DBR/LW, DB/Al"
"840","DBR/LG, DB/Al"
"841","DBR/LGL, DB/Al"
"842","DBR/Y, DB/Al"
"843","DBR/LB, DB/Al"
"844","DBR/O, DB/Al"
"845","DBR/W, DB/Al"
"846","DBR/B, DB/Al"
"847","DBR/BW, DB/Al"
"848","LB/DG, DB/Al"
"849","LB/L, DB/Al"
"850","LB/LW, DB/Al"
"851","LB/HPDB, DB/Al"
"852","LB/LG, DB/Al"
"853","LB/LGL, DB/Al"
"854","LB/R, DB/Al"
"855","LB/RY, DB/Al"
"856","LB/RW, DB/Al"
"857","LB/DB, DB/Al"
"858","LB/DBR, DB/Al"
"859","LB/O, DB/Al"
"860","LB/W, DB/Al"
"861","LB/B, DB/Al"
"862","O/DG, DB/Al"
"863","O/HPDB, DB/Al"
"864","O/Y, DB/Al"
"865","O/R, DB/Al"
"866","O/RY, DB/Al"
"867","O/RW, DB/Al"
"868","O/DB, DB/Al"
"869","O/DBR, DB/Al"
"870","O/LB, DB/Al"
"871","O/B, DB/Al"
"872","W/DG, DB/Al"
"873","W/L, DB/Al"
"874","W/HPDB, DB/Al"
"875","W/LGL, DB/Al"
"876","W/R, DB/Al"
"877","W/RY, DB/Al"
"878","W/DB, DB/Al"
"879","W/DBR, DB/Al"
"880","W/LB, DB/Al"
"881","W/B, DB/Al"
"882","B/DG, DB/Al"
"883","B/L, DB/Al"
"884","B/HPDB, DB/Al"
"885","B/LGL, DB/Al"
"886","B/Y, DB/Al"
"887","B/R, DB/Al"
"888","B/RY, DB/Al"
"889","B/DB, DB/Al"
"890","B/DBR, DB/Al"
"891","B/LB, DB/Al"
"892","B/O, DB/Al"
"893","B/W, DB/Al"
"894","BW/DG, DB/Al"
"895","BW/L, DB/Al"
"896","BW/HPDB, DB/Al"
"897","BW/LG, DB/Al"
"898","BW/LGL, DB/Al"
"899","BW/R, DB/Al"
"900","BW/RY, DB/Al"
"901","BW/DB, DB/Al"
"902","BW/DBR, DB/Al"
"903","BW/O, DB/Al"
"904","DG/L, LB/Al"
"905","DG/LW, LB/Al"
"906","DG/HPDB, LB/Al"
"907","DG/LG, LB/Al"
"908","DG/LGL, LB/Al"
"909","DG/R, LB/Al"
"910","DG/RW, LB/Al"
"911","DG/DB, LB/Al"
"912","DG/LB, LB/Al"
"913","DG/O, LB/Al"
"914","DG/W, LB/Al"
"915","DG/B, LB/Al"
"916","L/HPDB, LB/Al"
"917","L/LG, LB/Al"
"918","L/Y, LB/Al"
"919","L/R, LB/Al"
"920","L/RY, LB/Al"
"921","L/RW, LB/Al"
"922","L/DB, LB/Al"
"923","L/DBR, LB/Al"
"924","L/O, LB/Al"
"925","L/W, LB/Al"
"926","L/B, LB/Al"
"927","L/BW, LB/Al"
"928","LW/DG, LB/Al"
"929","LW/HPDB, LB/Al"
"930","LW/LG, LB/Al"
"931","LW/Y, LB/Al"
"932","LW/R, LB/Al"
"933","LW/RY, LB/Al"
"934","LW/DB, LB/Al"
"935","LW/DBR, LB/Al"
"936","LW/LB, LB/Al"
"937","LW/O, LB/Al"
"938","LW/B, LB/Al"
"939","HPDB/DG, LB/Al"
"940","HPDB/LW, LB/Al"
"941","HPDB/LG, LB/Al"
"942","HPDB/LGL, LB/Al"
"943","HPDB/R, LB/Al"
"944","HPDB/RY, LB/Al"
"945","HPDB/RW, LB/Al"
"946","HPDB/LB, LB/Al"
"947","HPDB/W, LB/Al"
"948","HPDB/B, LB/Al"
"949","HPDB/BW, LB/Al"
"950","LG/DG, LB/Al"
"951","LG/LW, LB/Al"
"952","LG/HPDB, LB/Al"
"953","LG/Y, LB/Al"
"954","LG/R, LB/Al"
"955","LG/RY, LB/Al"
"956","LG/DB, LB/Al"
"957","LG/DBR, LB/Al"
"958","LG/LB, LB/Al"
"959","LG/W, LB/Al"
"960","LG/B, LB/Al"
"961","LG/BW, LB/Al"
"962","LGL/DG, LB/Al"
"963","LGL/HPDB, LB/Al"
"964","LGL/Y, LB/Al"
"965","LGL/RY, LB/Al"
"966","LGL/RW, LB/Al"
"967","LGL/DB, LB/Al"
"968","LGL/DBR, LB/Al"
"969","LGL/LB, LB/Al"
"970","LGL/O, LB/Al"
"971","LGL/W, LB/Al"
"972","LGL/B, LB/Al"
"973","LGL/BW, LB/Al"
"974","Y/DG, LB/Al"
"975","Y/L, LB/Al"
"976","Y/HPDB, LB/Al"
"977","Y/LG, LB/Al"
"978","Y/LGL, LB/Al"
"979","Y/RW, LB/Al"
"980","Y/DB, LB/Al"
"981","Y/DBR, LB/Al"
"982","Y/LB, LB/Al"
"983","Y/O, LB/Al"
"984","Y/W, LB/Al"
"985","Y/B, LB/Al"
"986","Y/BW, LB/Al"
"987","R/DG, LB/Al"
"988","R/L, LB/Al"
"989","R/LW, LB/Al"
"990","R/HPDB, LB/Al"
"991","R/LG, LB/Al"
"992","R/DB, LB/Al"
"993","R/LB, LB/Al"
"994","R/O, LB/Al"
"995","R/W, LB/Al"
"996","R/B, LB/Al"
"997","R/BW, LB/Al"
"998","RY/L, LB/Al"
"999","RY/HPDB, LB/Al"
"1000","RY/LG, LB/Al"
"1001","RY/LGL, LB/Al"
"1002","RY/DB, LB/Al"
"1003","RY/LB, LB/Al"
"1004","RY/O, LB/Al"
"1005","RY/W, LB/Al"
"1006","RY/B, LB/Al"
"1007","RY/BW, LB/Al"
"1008","RW/DG, LB/Al"
"1009","RW/L, LB/Al"
"1010","RW/HPDB, LB/Al"
"1011","RW/LGL, LB/Al"
"1012","RW/Y, LB/Al"
"1013","RW/DB, LB/Al"
"1014","RW/LB, LB/Al"
"1015","RW/O, LB/Al"
"1016","RW/B, LB/Al"
"1017","DB/DG, LB/Al"
"1018","DB/L, LB/Al"
"1019","DB/LW, LB/Al"
"1020","DB/LG, LB/Al"
"1021","DB/LGL, LB/Al"
"1022","DB/Y, LB/Al"
"1023","DB/R, LB/Al"
"1024","DB/LB, LB/Al"
"1025","DB/W, LB/Al"
"1026","DB/B, LB/Al"
"1027","DB/BW, LB/Al"
"1028","DBR/DG, LB/Al"
"1029","DBR/L, LB/Al"
"1030","DBR/LW, LB/Al"
"1031","DBR/LG, LB/Al"
"1032","DBR/LGL, LB/Al"
"1033","DBR/Y, LB/Al"
"1034","DBR/LB, LB/Al"
"1035","DBR/O, LB/Al"
"1036","DBR/W, LB/Al"
"1037","DBR/B, LB/Al"
"1038","DBR/BW, LB/Al"
"1039","LB/DG, LB/Al"
"1040","LB/L, LB/Al"
"1041","LB/LW, LB/Al"
"1042","LB/HPDB, LB/Al"
"1043","LB/LG, LB/Al"
"1044","LB/LGL, LB/Al"
"1045","LB/Y, LB/Al"
"1046","LB/RY, LB/Al"
"1047","LB/RW, LB/Al"
"1048","LB/DB, LB/Al"
"1049","LB/DBR, LB/Al"
"1050","LB/O, LB/Al"
"1051","LB/W, LB/Al"
"1052","LB/B, LB/Al"
"1053","LB/BW, LB/Al"
"1054","O/DG, LB/Al"
"1055","O/L, LB/Al"
"1056","O/LW, LB/Al"
"1057","O/LG, LB/Al"
"1058","O/LGL, LB/Al"
"1059","O/Y, LB/Al"
"1060","O/R, LB/Al"
"1061","O/RY, LB/Al"
"1062","O/RW, LB/Al"
"1063","O/DB, LB/Al"
"1064","O/DBR, LB/Al"
"1065","O/LB, LB/Al"
"1066","O/W, LB/Al"
"1067","O/B, LB/Al"
"1068","O/BW, LB/Al"
"1069","W/DG, LB/Al"
"1070","W/L, LB/Al"
"1071","W/HPDB, LB/Al"
"1072","W/LG, LB/Al"
"1073","W/LGL, LB/Al"
"1074","W/Y, LB/Al"
"1075","W/RY, LB/Al"
"1076","W/DB, LB/Al"
"1077","W/DBR, LB/Al"
"1078","W/LB, LB/Al"
"1079","W/O, LB/Al"
"1080","W/B, LB/Al"
"1081","B/DG, LB/Al"
"1082","B/L, LB/Al"
"1083","B/LW, LB/Al"
"1084","B/HPDB, LB/Al"
"1085","B/LG, LB/Al"
"1086","B/Y, LB/Al"
"1087","B/R, LB/Al"
"1088","B/RY, LB/Al"
"1089","B/RW, LB/Al"
"1090","B/DB, LB/Al"
"1091","B/DBR, LB/Al"
"1092","B/LB, LB/Al"
"1093","B/O, LB/Al"
"1094","B/W, LB/Al"
"1095","BW/L, LB/Al"
"1096","BW/HPDB, LB/Al"
"1097","BW/LG, LB/Al"
"1098","BW/LGL, LB/Al"
"1099","BW/R, LB/Al"
"1100","BW/RY, LB/Al"
"1101","BW/DB, LB/Al"
"1102","BW/DBR, LB/Al"
"1103","BW/LB, LB/Al"
"1104","DG/L, O/Al"
"1105","DG/LG, O/Al"
"1106","DG/LGL, O/Al"
"1107","DG/R, O/Al"
"1108","DG/RW, O/Al"
"1109","DG/DB, O/Al"
"1110","DG/DBR, O/Al"
"1111","DG/LB, O/Al"
"1112","DG/O, O/Al"
"1113","DG/B, O/Al"
"1114","DG/BW, O/Al"
"1115","L/DG, O/Al"
"1116","L/HPDB, O/Al"
"1117","L/LG, O/Al"
"1118","L/Y, O/Al"
"1119","L/R, O/Al"
"1120","L/RY, O/Al"
"1121","L/RW, O/Al"
"1122","L/DB, O/Al"
"1123","L/DBR, O/Al"
"1124","L/LB, O/Al"
"1125","L/O, O/Al"
"1126","L/W, O/Al"
"1127","L/B, O/Al"
"1128","L/BW, O/Al"
"1129","LW/DG, O/Al"
"1130","LW/LG, O/Al"
"1131","LW/Y, O/Al"
"1132","LW/R, O/Al"
"1133","LW/RY, O/Al"
"1134","LW/DB, O/Al"
"1135","LW/DBR, O/Al"
"1136","LW/LB, O/Al"
"1137","LW/O, O/Al"
"1138","LW/B, O/Al"
"1139","HPDB/L, O/Al"
"1140","HPDB/LGL, O/Al"
"1141","HPDB/Y, O/Al"
"1142","HPDB/R, O/Al"
"1143","HPDB/RY, O/Al"
"1144","HPDB/LB, O/Al"
"1145","HPDB/O, O/Al"
"1146","HPDB/W, O/Al"
"1147","HPDB/BW, O/Al"
"1148","LG/DG, O/Al"
"1149","LG/L, O/Al"
"1150","LG/LW, O/Al"
"1151","LG/Y, O/Al"
"1152","LG/R, O/Al"
"1153","LG/RY, O/Al"
"1154","LG/DB, O/Al"
"1155","LG/DBR, O/Al"
"1156","LG/LB, O/Al"
"1157","LG/O, O/Al"
"1158","LG/B, O/Al"
"1159","LG/BW, O/Al"
"1160","LGL/DG, O/Al"
"1161","LGL/HPDB, O/Al"
"1162","LGL/Y, O/Al"
"1163","LGL/R, O/Al"
"1164","LGL/RY, O/Al"
"1165","LGL/RW, O/Al"
"1166","LGL/DB, O/Al"
"1167","LGL/DBR, O/Al"
"1168","LGL/O, O/Al"
"1169","LGL/W, O/Al"
"1170","LGL/B, O/Al"
"1171","LGL/BW, O/Al"
"1172","Y/L, O/Al"
"1173","Y/LW, O/Al"
"1174","Y/LG, O/Al"
"1175","Y/LGL, O/Al"
"1176","Y/R, O/Al"
"1177","Y/RW, O/Al"
"1178","Y/LB, O/Al"
"1179","R/DG, O/Al"
"1180","R/L, O/Al"
"1181","R/LW, O/Al"
"1182","R/HPDB, O/Al"
"1183","R/LGL, O/Al"
"1184","R/DB, O/Al"
"1185","R/LB, O/Al"
"1186","R/O, O/Al"
"1187","R/W, O/Al"
"1188","R/B, O/Al"
"1189","RY/L, O/Al"
"1190","RY/LW, O/Al"
"1191","RY/HPDB, O/Al"
"1192","RY/LG, O/Al"
"1193","RY/LGL, O/Al"
"1194","RY/DB, O/Al"
"1195","RY/LB, O/Al"
"1196","RY/O, O/Al"
"1197","RY/B, O/Al"
"1198","RY/BW, O/Al"
"1199","RW/HPDB, O/Al"
"1200","RW/LG, O/Al"
"1201","RW/LGL, O/Al"
"1202","RW/Y, O/Al"
"1203","RW/DB, O/Al"
"1204","RW/LB, O/Al"
"1205","RW/O, O/Al"
"1206","RW/B, O/Al"
"1207","DB/L, O/Al"
"1208","DB/LW, O/Al"
"1209","DB/LG, O/Al"
"1210","DB/R, O/Al"
"1211","DB/RY, O/Al"
"1212","DB/RW, O/Al"
"1213","DB/LB, O/Al"
"1214","DB/O, O/Al"
"1215","DB/W, O/Al"
"1216","DB/B, O/Al"
"1217","DB/BW, O/Al"
"1218","DBR/DG, O/Al"
"1219","DBR/L, O/Al"
"1220","DBR/LW, O/Al"
"1221","DBR/LG, O/Al"
"1222","DBR/LGL, O/Al"
"1223","DBR/Y, O/Al"
"1224","DBR/LB, O/Al"
"1225","DBR/O, O/Al"
"1226","DBR/W, O/Al"
"1227","DBR/B, O/Al"
"1228","DBR/BW, O/Al"
"1229","LB/DG, O/Al"
"1230","LB/LW, O/Al"
"1231","LB/HPDB, O/Al"
"1232","LB/LG, O/Al"
"1233","LB/R, O/Al"
"1234","LB/RY, O/Al"
"1235","LB/RW, O/Al"
"1236","LB/DB, O/Al"
"1237","LB/DBR, O/Al"
"1238","LB/O, O/Al"
"1239","LB/W, O/Al"
"1240","LB/B, O/Al"
"1241","LB/BW, O/Al"
"1242","O/DG, O/Al"
"1243","O/L, O/Al"
"1244","O/HPDB, O/Al"
"1245","O/LG, O/Al"
"1246","O/LGL, O/Al"
"1247","O/Y, O/Al"
"1248","O/R, O/Al"
"1249","O/RY, O/Al"
"1250","O/RW, O/Al"
"1251","O/DB, O/Al"
"1252","O/DBR, O/Al"
"1253","O/LB, O/Al"
"1254","O/W, O/Al"
"1255","O/B, O/Al"
"1256","O/BW, O/Al"
"1257","W/L, O/Al"
"1258","W/LGL, O/Al"
"1259","W/Y, O/Al"
"1260","W/R, O/Al"
"1261","W/DB, O/Al"
"1262","W/DBR, O/Al"
"1263","W/LB, O/Al"
"1264","W/O, O/Al"
"1265","W/B, O/Al"
"1266","B/DG, O/Al"
"1267","B/L, O/Al"
"1268","B/HPDB, O/Al"
"1269","B/LG, O/Al"
"1270","B/Y, O/Al"
"1271","B/R, O/Al"
"1272","B/RY, O/Al"
"1273","B/RW, O/Al"
"1274","B/DB, O/Al"
"1275","B/DBR, O/Al"
"1276","B/LB, O/Al"
"1277","B/O, O/Al"
"1278","B/W, O/Al"
"1279","BW/DG, O/Al"
"1280","BW/L, O/Al"
"1281","BW/HPDB, O/Al"
"1282","BW/LGL, O/Al"
"1283","BW/RY, O/Al"
"1284","BW/DBR, O/Al"
"1285","BW/O, O/Al"
"1286","DG/LW, W/Al"
"1287","DG/HPDB, W/Al"
"1288","DG/LG, W/Al"
"1289","DG/LGL, W/Al"
"1290","DG/Y, W/Al"
"1291","DG/RW, W/Al"
"1292","DG/DBR, W/Al"
"1293","DG/LB, W/Al"
"1294","DG/W, W/Al"
"1295","DG/B, W/Al"
"1296","DG/BW, W/Al"
"1297","L/DG, W/Al"
"1298","L/HPDB, W/Al"
"1299","L/LG, W/Al"
"1300","L/R, W/Al"
"1301","L/RY, W/Al"
"1302","L/RW, W/Al"
"1303","L/DB, W/Al"
"1304","L/DBR, W/Al"
"1305","L/LB, W/Al"
"1306","L/W, W/Al"
"1307","L/B, W/Al"
"1308","L/BW, W/Al"
"1309","LW/DG, W/Al"
"1310","LW/HPDB, W/Al"
"1311","LW/R, W/Al"
"1312","LW/DBR, W/Al"
"1313","LW/LB, W/Al"
"1314","LW/O, W/Al"
"1315","LW/B, W/Al"
"1316","HPDB/L, W/Al"
"1317","HPDB/LW, W/Al"
"1318","HPDB/LGL, W/Al"
"1319","HPDB/RY, W/Al"
"1320","HPDB/RW, W/Al"
"1321","HPDB/LB, W/Al"
"1322","HPDB/O, W/Al"
"1323","HPDB/W, W/Al"
"1324","HPDB/B, W/Al"
"1325","HPDB/BW, W/Al"
"1326","LG/DG, W/Al"
"1327","LG/L, W/Al"
"1328","LG/LW, W/Al"
"1329","LG/Y, W/Al"
"1330","LG/R, W/Al"
"1331","LG/DBR, W/Al"
"1332","LG/LB, W/Al"
"1333","LG/O, W/Al"
"1334","LG/B, W/Al"
"1335","LGL/DG, W/Al"
"1336","LGL/HPDB, W/Al"
"1337","LGL/R, W/Al"
"1338","LGL/RY, W/Al"
"1339","LGL/RW, W/Al"
"1340","LGL/DB, W/Al"
"1341","LGL/DBR, W/Al"
"1342","LGL/LB, W/Al"
"1343","LGL/O, W/Al"
"1344","LGL/W, W/Al"
"1345","LGL/B, W/Al"
"1346","LGL/BW, W/Al"
"1347","Y/DG, W/Al"
"1348","Y/L, W/Al"
"1349","Y/R, W/Al"
"1350","Y/RW, W/Al"
"1351","Y/DBR, W/Al"
"1352","Y/LB, W/Al"
"1353","Y/W, W/Al"
"1354","Y/B, W/Al"
"1355","R/L, W/Al"
"1356","R/LW, W/Al"
"1357","R/LG, W/Al"
"1358","R/LGL, W/Al"
"1359","R/Y, W/Al"
"1360","R/DB, W/Al"
"1361","R/LB, W/Al"
"1362","R/O, W/Al"
"1363","R/W, W/Al"
"1364","R/B, W/Al"
"1365","R/BW, W/Al"
"1366","RY/L, W/Al"
"1367","RY/HPDB, W/Al"
"1368","RY/LGL, W/Al"
"1369","RY/LB, W/Al"
"1370","RY/O, W/Al"
"1371","RY/W, W/Al"
"1372","RY/B, W/Al"
"1373","RY/BW, W/Al"
"1374","RW/DG, W/Al"
"1375","RW/L, W/Al"
"1376","RW/LGL, W/Al"
"1377","RW/Y, W/Al"
"1378","RW/DB, W/Al"
"1379","RW/LB, W/Al"
"1380","RW/B, W/Al"
"1381","DB/L, W/Al"
"1382","DB/LG, W/Al"
"1383","DB/LGL, W/Al"
"1384","DB/R, W/Al"
"1385","DB/RW, W/Al"
"1386","DB/LB, W/Al"
"1387","DB/O, W/Al"
"1388","DB/W, W/Al"
"1389","DB/B, W/Al"
"1390","DBR/DG, W/Al"
"1391","DBR/L, W/Al"
"1392","DBR/LW, W/Al"
"1393","DBR/LG, W/Al"
"1394","DBR/LGL, W/Al"
"1395","DBR/LB, W/Al"
"1396","DBR/O, W/Al"
"1397","DBR/W, W/Al"
"1398","DBR/B, W/Al"
"1399","DBR/BW, W/Al"
"1400","LB/DG, W/Al"
"1401","LB/L, W/Al"
"1402","LB/LW, W/Al"
"1403","LB/HPDB, W/Al"
"1404","LB/LG, W/Al"
"1405","LB/LGL, W/Al"
"1406","LB/Y, W/Al"
"1407","LB/R, W/Al"
"1408","LB/RY, W/Al"
"1409","LB/RW, W/Al"
"1410","LB/DBR, W/Al"
"1411","LB/O, W/Al"
"1412","LB/W, W/Al"
"1413","LB/B, W/Al"
"1414","LB/BW, W/Al"
"1415","O/LW, W/Al"
"1416","O/HPDB, W/Al"
"1417","O/LG, W/Al"
"1418","O/R, W/Al"
"1419","O/RY, W/Al"
"1420","O/DB, W/Al"
"1421","O/DBR, W/Al"
"1422","O/LB, W/Al"
"1423","O/W, W/Al"
"1424","O/B, W/Al"
"1425","O/BW, W/Al"
"1426","W/DG, W/Al"
"1427","W/L, W/Al"
"1428","W/HPDB, W/Al"
"1429","W/LGL, W/Al"
"1430","W/Y, W/Al"
"1431","W/R, W/Al"
"1432","W/RY, W/Al"
"1433","W/DB, W/Al"
"1434","W/DBR, W/Al"
"1435","W/LB, W/Al"
"1436","W/O, W/Al"
"1437","W/B, W/Al"
"1438","B/L, W/Al"
"1439","B/LW, W/Al"
"1440","B/HPDB, W/Al"
"1441","B/LG, W/Al"
"1442","B/LGL, W/Al"
"1443","B/R, W/Al"
"1444","B/RY, W/Al"
"1445","B/RW, W/Al"
"1446","B/DB, W/Al"
"1447","B/DBR, W/Al"
"1448","B/LB, W/Al"
"1449","B/O, W/Al"
"1450","BW/DG, W/Al"
"1451","BW/L, W/Al"
"1452","BW/HPDB, W/Al"
"1453","BW/LGL, W/Al"
"1454","BW/Y, W/Al"
"1455","BW/R, W/Al"
"1456","BW/RY, W/Al"
"1457","BW/DB, W/Al"
"1458","BW/DBR, W/Al"
"1459","BW/LB, W/Al"
"1460","BW/O, W/Al"
"1461","DG/L, B/Al"
"1462","DG/LW, B/Al"
"1463","DG/HPDB, B/Al"
"1464","DG/LG, B/Al"
"1465","DG/LGL, B/Al"
"1466","DG/Y, B/Al"
"1467","DG/R, B/Al"
"1468","DG/RY, B/Al"
"1469","DG/RW, B/Al"
"1470","DG/DB, B/Al"
"1471","DG/DBR, B/Al"
"1472","DG/LB, B/Al"
"1473","DG/O, B/Al"
"1474","DG/W, B/Al"
"1475","DG/B, B/Al"
"1476","DG/BW, B/Al"
"1477","L/DG, B/Al"
"1478","L/HPDB, B/Al"
"1479","L/LG, B/Al"
"1480","L/Y, B/Al"
"1481","L/R, B/Al"
"1482","L/RY, B/Al"
"1483","L/RW, B/Al"
"1484","L/DB, B/Al"
"1485","L/DBR, B/Al"
"1486","L/LB, B/Al"
"1487","L/O, B/Al"
"1488","L/W, B/Al"
"1489","L/B, B/Al"
"1490","L/BW, B/Al"
"1491","LW/HPDB, B/Al"
"1492","LW/LG, B/Al"
"1493","LW/Y, B/Al"
"1494","LW/R, B/Al"
"1495","LW/RY, B/Al"
"1496","LW/DB, B/Al"
"1497","LW/DBR, B/Al"
"1498","LW/LB, B/Al"
"1499","LW/O, B/Al"
"1500","LW/B, B/Al"
"1501","HPDB/DG, B/Al"
"1502","HPDB/L, B/Al"
"1503","HPDB/LW, B/Al"
"1504","HPDB/LGL, B/Al"
"1505","HPDB/Y, B/Al"
"1506","HPDB/R, B/Al"
"1507","HPDB/RY, B/Al"
"1508","HPDB/RW, B/Al"
"1509","HPDB/LB, B/Al"
"1510","HPDB/O, B/Al"
"1511","HPDB/W, B/Al"
"1512","HPDB/B, B/Al"
"1513","HPDB/BW, B/Al"
"1514","LG/DG, B/Al"
"1515","LG/L, B/Al"
"1516","LG/Y, B/Al"
"1517","LG/R, B/Al"
"1518","LG/RY, B/Al"
"1519","LG/RW, B/Al"
"1520","LG/DB, B/Al"
"1521","LG/DBR, B/Al"
"1522","LG/LB, B/Al"
"1523","LG/O, B/Al"
"1524","LG/W, B/Al"
"1525","LG/B, B/Al"
"1526","LG/BW, B/Al"
"1527","LGL/DG, B/Al"
"1528","LGL/HPDB, B/Al"
"1529","LGL/Y, B/Al"
"1530","LGL/R, B/Al"
"1531","LGL/RY, B/Al"
"1532","LGL/DB, B/Al"
"1533","LGL/DBR, B/Al"
"1534","LGL/LB, B/Al"
"1535","LGL/O, B/Al"
"1536","LGL/W, B/Al"
"1537","LGL/B, B/Al"
"1538","LGL/BW, B/Al"
"1539","Y/L, B/Al"
"1540","Y/LW, B/Al"
"1541","Y/LG, B/Al"
"1542","Y/LGL, B/Al"
"1543","Y/R, B/Al"
"1544","Y/RW, B/Al"
"1545","Y/DB, B/Al"
"1546","Y/DBR, B/Al"
"1547","Y/LB, B/Al"
"1548","Y/B, B/Al"
"1549","Y/BW, B/Al"
"1550","R/DG, B/Al"
"1551","R/L, B/Al"
"1552","R/LW, B/Al"
"1553","R/HPDB, B/Al"
"1554","R/LG, B/Al"
"1555","R/LGL, B/Al"
"1556","R/Y, B/Al"
"1557","R/DB, B/Al"
"1558","R/LB, B/Al"
"1559","R/O, B/Al"
"1560","R/W, B/Al"
"1561","R/B, B/Al"
"1562","R/BW, B/Al"
"1563","RY/DG, B/Al"
"1564","RY/L, B/Al"
"1565","RY/LW, B/Al"
"1566","RY/HPDB, B/Al"
"1567","RY/LG, B/Al"
"1568","RY/LGL, B/Al"
"1569","RY/LB, B/Al"
"1570","RY/O, B/Al"
"1571","RY/W, B/Al"
"1572","RY/B, B/Al"
"1573","RY/BW, B/Al"
"1574","RW/DG, B/Al"
"1575","RW/L, B/Al"
"1576","RW/HPDB, B/Al"
"1577","RW/LG, B/Al"
"1578","RW/LGL, B/Al"
"1579","RW/Y, B/Al"
"1580","RW/LB, B/Al"
"1581","RW/B, B/Al"
"1582","DB/DG, B/Al"
"1583","DB/L, B/Al"
"1584","DB/LW, B/Al"
"1585","DB/LG, B/Al"
"1586","DB/LGL, B/Al"
"1587","DB/Y, B/Al"
"1588","DB/R, B/Al"
"1589","DB/RY, B/Al"
"1590","DB/LB, B/Al"
"1591","DB/O, B/Al"
"1592","DB/W, B/Al"
"1593","DB/B, B/Al"
"1594","DB/BW, B/Al"
"1595","DBR/DG, B/Al"
"1596","DBR/L, B/Al"
"1597","DBR/LW, B/Al"
"1598","DBR/LG, B/Al"
"1599","DBR/LGL, B/Al"
"1600","DBR/Y, B/Al"
"1601","DBR/LB, B/Al"
"1602","DBR/O, B/Al"
"1603","DBR/W, B/Al"
"1604","DBR/B, B/Al"
"1605","DBR/BW, B/Al"
"1606","LB/DG, B/Al"
"1607","LB/L, B/Al"
"1608","LB/LW, B/Al"
"1609","LB/HPDB, B/Al"
"1610","LB/LG, B/Al"
"1611","LB/LGL, B/Al"
"1612","LB/Y, B/Al"
"1613","LB/R, B/Al"
"1614","LB/RY, B/Al"
"1615","LB/RW, B/Al"
"1616","LB/DB, B/Al"
"1617","LB/DBR, B/Al"
"1618","LB/O, B/Al"
"1619","LB/W, B/Al"
"1620","LB/B, B/Al"
"1621","LB/BW, B/Al"
"1622","O/DG, B/Al"
"1623","O/L, B/Al"
"1624","O/LW, B/Al"
"1625","O/LG, B/Al"
"1626","O/LGL, B/Al"
"1627","O/R, B/Al"
"1628","O/RY, B/Al"
"1629","O/DB, B/Al"
"1630","O/DBR, B/Al"
"1631","O/LB, B/Al"
"1632","O/W, B/Al"
"1633","O/B, B/Al"
"1634","O/BW, B/Al"
"1635","W/DG, B/Al"
"1636","W/L, B/Al"
"1637","W/HPDB, B/Al"
"1638","W/LG, B/Al"
"1639","W/LGL, B/Al"
"1640","W/R, B/Al"
"1641","W/RY, B/Al"
"1642","W/DB, B/Al"
"1643","W/DBR, B/Al"
"1644","W/LB, B/Al"
"1645","W/O, B/Al"
"1646","W/B, B/Al"
"1647","B/DG, B/Al"
"1648","B/L, B/Al"
"1649","B/LW, B/Al"
"1650","B/HPDB, B/Al"
"1651","B/LG, B/Al"
"1652","B/LGL, B/Al"
"1653","B/Y, B/Al"
"1654","B/R, B/Al"
"1655","B/RY, B/Al"
"1656","B/RW, B/Al"
"1657","B/DB, B/Al"
"1658","B/DBR, B/Al"
"1659","B/LB, B/Al"
"1660","B/O, B/Al"
"1661","B/W, B/Al"
"1662","BW/DG, B/Al"
"1663","BW/L, B/Al"
"1664","BW/HPDB, B/Al"
"1665","BW/LG, B/Al"
"1666","BW/LGL, B/Al"
"1667","BW/Y, B/Al"
"1668","BW/R, B/Al"
"1669","BW/RY, B/Al"
"1670","BW/DB, B/Al"
"1671","BW/DBR, B/Al"
"1672","BW/LB, B/Al"
"1673","BW/O, B/Al"
"1674","DG/L, L/Al"
"1675","DG/LW, L/Al"
"1676","DG/HPDB, L/Al"
"1677","DG/LG, L/Al"
"1678","DG/LGL, L/Al"
"1679","DG/Y, L/Al"
"1680","DG/RY, L/Al"
"1681","DG/DB, L/Al"
"1682","DG/DBR, L/Al"
"1683","DG/O, L/Al"
"1684","DG/W, L/Al"
"1685","DG/B, L/Al"
"1686","DG/BW, L/Al"
"1687","L/DG, L/Al"
"1688","L/HPDB, L/Al"
"1689","L/LG, L/Al"
"1690","L/R, L/Al"
"1691","L/RY, L/Al"
"1692","L/DB, L/Al"
"1693","L/DBR, L/Al"
"1694","L/O, L/Al"
"1695","L/W, L/Al"
"1696","L/B, L/Al"
"1697","L/BW, L/Al"
"1698","LW/DG, L/Al"
"1699","LW/HPDB, L/Al"
"1700","LW/LG, L/Al"
"1701","LW/R, L/Al"
"1702","LW/RY, L/Al"
"1703","LW/DB, L/Al"
"1704","LW/DBR, L/Al"
"1705","LW/LB, L/Al"
"1706","LW/O, L/Al"
"1707","LW/B, L/Al"
"1708","HPDB/DG, L/Al"
"1709","HPDB/L, L/Al"
"1710","HPDB/LW, L/Al"
"1711","HPDB/LGL, L/Al"
"1712","HPDB/Y, L/Al"
"1713","HPDB/R, L/Al"
"1714","HPDB/RY, L/Al"
"1715","HPDB/RW, L/Al"
"1716","HPDB/LB, L/Al"
"1717","HPDB/O, L/Al"
"1718","HPDB/B, L/Al"
"1719","HPDB/BW, L/Al"
"1720","LG/L, L/Al"
"1721","LG/LW, L/Al"
"1722","LG/HPDB, L/Al"
"1723","LG/Y, L/Al"
"1724","LG/R, L/Al"
"1725","LG/RW, L/Al"
"1726","LG/DB, L/Al"
"1727","LG/DBR, L/Al"
"1728","LG/LB, L/Al"
"1729","LG/O, L/Al"
"1730","LG/B, L/Al"
"1731","LG/BW, L/Al"
"1732","LGL/DG, L/Al"
"1733","LGL/HPDB, L/Al"
"1734","LGL/Y, L/Al"
"1735","LGL/R, L/Al"
"1736","LGL/RY, L/Al"
"1737","LGL/RW, L/Al"
"1738","LGL/DB, L/Al"
"1739","LGL/DBR, L/Al"
"1740","LGL/LB, L/Al"
"1741","LGL/O, L/Al"
"1742","LGL/W, L/Al"
"1743","LGL/B, L/Al"
"1744","LGL/BW, L/Al"
"1745","Y/L, L/Al"
"1746","Y/LW, L/Al"
"1747","Y/HPDB, L/Al"
"1748","Y/LGL, L/Al"
"1749","Y/R, L/Al"
"1750","Y/DB, L/Al"
"1751","Y/DBR, L/Al"
"1752","Y/LB, L/Al"
"1753","Y/O, L/Al"
"1754","Y/B, L/Al"
"1755","Y/BW, L/Al"
"1756","R/DG, L/Al"
"1757","R/L, L/Al"
"1758","R/LW, L/Al"
"1759","R/HPDB, L/Al"
"1760","R/LGL, L/Al"
"1761","R/Y, L/Al"
"1762","R/DB, L/Al"
"1763","R/O, L/Al"
"1764","R/W, L/Al"
"1765","R/B, L/Al"
"1766","R/BW, L/Al"
"1767","RY/DG, L/Al"
"1768","RY/L, L/Al"
"1769","RY/LW, L/Al"
"1770","RY/HPDB, L/Al"
"1771","RY/LG, L/Al"
"1772","RY/LGL, L/Al"
"1773","RY/DB, L/Al"
"1774","RY/LB, L/Al"
"1775","RY/O, L/Al"
"1776","RY/W, L/Al"
"1777","RY/B, L/Al"
"1778","RY/BW, L/Al"
"1779","RW/DG, L/Al"
"1780","RW/L, L/Al"
"1781","RW/HPDB, L/Al"
"1782","RW/LG, L/Al"
"1783","RW/LGL, L/Al"
"1784","RW/DB, L/Al"
"1785","RW/LB, L/Al"
"1786","RW/O, L/Al"
"1787","RW/B, L/Al"
"1788","DB/DG, L/Al"
"1789","DB/L, L/Al"
"1790","DB/LW, L/Al"
"1791","DB/LG, L/Al"
"1792","DB/LGL, L/Al"
"1793","DB/Y, L/Al"
"1794","DB/R, L/Al"
"1795","DB/RY, L/Al"
"1796","DB/RW, L/Al"
"1797","DB/LB, L/Al"
"1798","DB/O, L/Al"
"1799","DB/W, L/Al"
"1800","DB/B, L/Al"
"1801","DB/BW, L/Al"
"1802","DBR/DG, L/Al"
"1803","DBR/L, L/Al"
"1804","DBR/LW, L/Al"
"1805","DBR/LG, L/Al"
"1806","DBR/LGL, L/Al"
"1807","DBR/Y, L/Al"
"1808","DBR/LB, L/Al"
"1809","DBR/O, L/Al"
"1810","DBR/W, L/Al"
"1811","DBR/B, L/Al"
"1812","DBR/BW, L/Al"
"1813","LB/DG, L/Al"
"1814","LB/L, L/Al"
"1815","LB/LW, L/Al"
"1816","LB/HPDB, L/Al"
"1817","LB/LG, L/Al"
"1818","LB/LGL, L/Al"
"1819","LB/Y, L/Al"
"1820","LB/RY, L/Al"
"1821","LB/RW, L/Al"
"1822","LB/DB, L/Al"
"1823","LB/DBR, L/Al"
"1824","LB/O, L/Al"
"1825","LB/W, L/Al"
"1826","LB/B, L/Al"
"1827","LB/BW, L/Al"
"1828","O/L, L/Al"
"1829","O/LW, L/Al"
"1830","O/HPDB, L/Al"
"1831","O/LGL, L/Al"
"1832","O/Y, L/Al"
"1833","O/R, L/Al"
"1834","O/RY, L/Al"
"1835","O/RW, L/Al"
"1836","O/DB, L/Al"
"1837","O/DBR, L/Al"
"1838","O/LB, L/Al"
"1839","O/W, L/Al"
"1840","O/B, L/Al"
"1841","O/BW, L/Al"
"1842","W/DG, L/Al"
"1843","W/L, L/Al"
"1844","W/LGL, L/Al"
"1845","W/R, L/Al"
"1846","W/RY, L/Al"
"1847","W/DB, L/Al"
"1848","W/DBR, L/Al"
"1849","W/O, L/Al"
"1850","W/B, L/Al"
"1851","B/DG, L/Al"
"1852","B/L, L/Al"
"1853","B/LW, L/Al"
"1854","B/HPDB, L/Al"
"1855","B/LG, L/Al"
"1856","B/LGL, L/Al"
"1857","B/Y, L/Al"
"1858","B/R, L/Al"
"1859","B/RY, L/Al"
"1860","B/RW, L/Al"
"1861","B/DB, L/Al"
"1862","B/DBR, L/Al"
"1863","B/LB, L/Al"
"1864","B/O, L/Al"
"1865","B/W, L/Al"
"1866","BW/L, L/Al"
"1867","BW/HPDB, L/Al"
"1868","BW/LG, L/Al"
"1869","BW/LGL, L/Al"
"1870","BW/Y, L/Al"
"1871","BW/R, L/Al"
"1872","BW/RY, L/Al"
"1873","BW/DB, L/Al"
"1874","BW/DBR, L/Al"
"1875","DG/L, BW/Al"
"1876","DG/LW, BW/Al"
"1877","DG/HPDB, BW/Al"
"1878","DG/LG, BW/Al"
"1879","DG/LGL, BW/Al"
"1880","DG/Y, BW/Al"
"1881","DG/R, BW/Al"
"1882","DG/RY, BW/Al"
"1883","DG/RW, BW/Al"
"1884","DG/DBR, BW/Al"
"1885","DG/LB, BW/Al"
"1886","DG/O, BW/Al"
"1887","DG/W, BW/Al"
"1888","DG/B, BW/Al"
"1889","DG/BW, BW/Al"
"1890","L/DG, BW/Al"
"1891","L/HPDB, BW/Al"
"1892","L/LG, BW/Al"
"1893","L/Y, BW/Al"
"1894","L/RY, BW/Al"
"1895","L/RW, BW/Al"
"1896","L/DB, BW/Al"
"1897","L/DBR, BW/Al"
"1898","L/LB, BW/Al"
"1899","L/W, BW/Al"
"1900","L/B, BW/Al"
"1901","L/BW, BW/Al"
"1902","LW/DG, BW/Al"
"1903","LW/LG, BW/Al"
"1904","LW/Y, BW/Al"
"1905","LW/RY, BW/Al"
"1906","LW/DB, BW/Al"
"1907","LW/DBR, BW/Al"
"1908","LW/LB, BW/Al"
"1909","LW/O, BW/Al"
"1910","LW/B, BW/Al"
"1911","HPDB/DG, BW/Al"
"1912","HPDB/L, BW/Al"
"1913","HPDB/LW, BW/Al"
"1914","HPDB/LGL, BW/Al"
"1915","HPDB/Y, BW/Al"
"1916","HPDB/R, BW/Al"
"1917","HPDB/RY, BW/Al"
"1918","HPDB/RW, BW/Al"
"1919","HPDB/LB, BW/Al"
"1920","HPDB/O, BW/Al"
"1921","HPDB/W, BW/Al"
"1922","HPDB/B, BW/Al"
"1923","HPDB/BW, BW/Al"
"1924","LG/DG, BW/Al"
"1925","LG/L, BW/Al"
"1926","LG/LW, BW/Al"
"1927","LG/HPDB, BW/Al"
"1928","LG/Y, BW/Al"
"1929","LG/R, BW/Al"
"1930","LG/RY, BW/Al"
"1931","LG/RW, BW/Al"
"1932","LG/DB, BW/Al"
"1933","LG/DBR, BW/Al"
"1934","LG/LB, BW/Al"
"1935","LG/O, BW/Al"
"1936","LG/B, BW/Al"
"1937","LG/BW, BW/Al"
"1938","LGL/DG, BW/Al"
"1939","LGL/HPDB, BW/Al"
"1940","LGL/Y, BW/Al"
"1941","LGL/R, BW/Al"
"1942","LGL/RY, BW/Al"
"1943","LGL/RW, BW/Al"
"1944","LGL/DB, BW/Al"
"1945","LGL/DBR, BW/Al"
"1946","LGL/LB, BW/Al"
"1947","LGL/O, BW/Al"
"1948","LGL/W, BW/Al"
"1949","LGL/B, BW/Al"
"1950","LGL/BW, BW/Al"
"1951","Y/DG, BW/Al"
"1952","Y/LW, BW/Al"
"1953","Y/HPDB, BW/Al"
"1954","Y/LG, BW/Al"
"1955","Y/LGL, BW/Al"
"1956","Y/R, BW/Al"
"1957","Y/RW, BW/Al"
"1958","Y/DB, BW/Al"
"1959","Y/DBR, BW/Al"
"1960","Y/LB, BW/Al"
"1961","Y/W, BW/Al"
"1962","Y/B, BW/Al"
"1963","Y/BW, BW/Al"
"1964","R/L, BW/Al"
"1965","R/HPDB, BW/Al"
"1966","R/LG, BW/Al"
"1967","R/LGL, BW/Al"
"1968","R/Y, BW/Al"
"1969","R/DB, BW/Al"
"1970","R/LB, BW/Al"
"1971","R/O, BW/Al"
"1972","R/W, BW/Al"
"1973","R/B, BW/Al"
"1974","R/BW, BW/Al"
"1975","RY/DG, BW/Al"
"1976","RY/L, BW/Al"
"1977","RY/LW, BW/Al"
"1978","RY/HPDB, BW/Al"
"1979","RY/LG, BW/Al"
"1980","RY/LGL, BW/Al"
"1981","RY/DB, BW/Al"
"1982","RY/LB, BW/Al"
"1983","RY/O, BW/Al"
"1984","RY/W, BW/Al"
"1985","RY/B, BW/Al"
"1986","RY/BW, BW/Al"
"1987","RW/DG, BW/Al"
"1988","RW/L, BW/Al"
"1989","RW/HPDB, BW/Al"
"1990","RW/LG, BW/Al"
"1991","RW/LGL, BW/Al"
"1992","RW/Y, BW/Al"
"1993","RW/DB, BW/Al"
"1994","RW/LB, BW/Al"
"1995","RW/B, BW/Al"
"1996","DB/DG, BW/Al"
"1997","DB/L, BW/Al"
"1998","DB/LW, BW/Al"
"1999","DB/LG, BW/Al"
"2000","DB/LGL, BW/Al"
"2001","DB/R, BW/Al"
"2002","DB/RY, BW/Al"
"2003","DB/RW, BW/Al"
"2004","DB/LB, BW/Al"
"2005","DB/O, BW/Al"
"2006","DB/B, BW/Al"
"2007","DB/BW, BW/Al"
"2008","DBR/DG, BW/Al"
"2009","DBR/L, BW/Al"
"2010","DBR/LW, BW/Al"
"2011","DBR/LG, BW/Al"
"2012","DBR/LGL, BW/Al"
"2013","DBR/Y, BW/Al"
"2014","DBR/LB, BW/Al"
"2015","DBR/O, BW/Al"
"2016","DBR/W, BW/Al"
"2017","DBR/B, BW/Al"
"2018","DBR/BW, BW/Al"
"2019","LB/DG, BW/Al"
"2020","LB/L, BW/Al"
"2021","LB/LW, BW/Al"
"2022","LB/LG, BW/Al"
"2023","LB/LGL, BW/Al"
"2024","LB/Y, BW/Al"
"2025","LB/RY, BW/Al"
"2026","LB/RW, BW/Al"
"2027","LB/DB, BW/Al"
"2028","LB/DBR, BW/Al"
"2029","LB/O, BW/Al"
"2030","LB/W, BW/Al"
"2031","LB/B, BW/Al"
"2032","LB/BW, BW/Al"
"2033","O/DG, BW/Al"
"2034","O/LW, BW/Al"
"2035","O/LG, BW/Al"
"2036","O/LGL, BW/Al"
"2037","O/R, BW/Al"
"2038","O/RY, BW/Al"
"2039","O/DB, BW/Al"
"2040","O/DBR, BW/Al"
"2041","O/LB, BW/Al"
"2042","O/W, BW/Al"
"2043","O/B, BW/Al"
"2044","O/BW, BW/Al"
"2045","W/DG, BW/Al"
"2046","W/L, BW/Al"
"2047","W/HPDB, BW/Al"
"2048","W/LGL, BW/Al"
"2049","W/Y, BW/Al"
"2050","W/R, BW/Al"
"2051","W/LB, BW/Al"
"2052","W/O, BW/Al"
"2053","W/B, BW/Al"
"2054","B/DG, BW/Al"
"2055","B/L, BW/Al"
"2056","B/LW, BW/Al"
"2057","B/HPDB, BW/Al"
"2058","B/LG, BW/Al"
"2059","B/LGL, BW/Al"
"2060","B/Y, BW/Al"
"2061","B/R, BW/Al"
"2062","B/RY, BW/Al"
"2063","B/RW, BW/Al"
"2064","B/DB, BW/Al"
"2065","B/DBR, BW/Al"
"2066","B/LB, BW/Al"
"2067","B/O, BW/Al"
"2068","B/W, BW/Al"
"2069","BW/DG, BW/Al"
"2070","BW/L, BW/Al"
"2071","BW/HPDB, BW/Al"
"2072","BW/LG, BW/Al"
"2073","BW/LGL, BW/Al"
"2074","BW/Y, BW/Al"
"2075","BW/R, BW/Al"
"2076","BW/RY, BW/Al"
"2077","BW/DB, BW/Al"
"2078","BW/DBR, BW/Al"
"2079","BW/LB, BW/Al"
"2080","BW/O, BW/Al"
"2081","DG/L, HPDB/Al"
"2082","DG/HPDB, HPDB/Al"
"2083","DG/LG, HPDB/Al"
"2084","DG/LGL, HPDB/Al"
"2085","DG/RY, HPDB/Al"
"2086","DG/RW, HPDB/Al"
"2087","DG/DB, HPDB/Al"
"2088","DG/DBR, HPDB/Al"
"2089","DG/LB, HPDB/Al"
"2090","DG/O, HPDB/Al"
"2091","DG/B, HPDB/Al"
"2092","DG/BW, HPDB/Al"
"2093","L/DG, HPDB/Al"
"2094","L/HPDB, HPDB/Al"
"2095","L/Y, HPDB/Al"
"2096","L/R, HPDB/Al"
"2097","L/RY, HPDB/Al"
"2098","L/RW, HPDB/Al"
"2099","L/DB, HPDB/Al"
"2100","L/DBR, HPDB/Al"
"2101","L/LB, HPDB/Al"
"2102","L/O, HPDB/Al"
"2103","L/W, HPDB/Al"
"2104","L/B, HPDB/Al"
"2105","L/BW, HPDB/Al"
"2106","LW/HPDB, HPDB/Al"
"2107","LW/Y, HPDB/Al"
"2108","LW/R, HPDB/Al"
"2109","LW/RY, HPDB/Al"
"2110","LW/DB, HPDB/Al"
"2111","LW/DBR, HPDB/Al"
"2112","LW/LB, HPDB/Al"
"2113","LW/B, HPDB/Al"
"2114","HPDB/DG, HPDB/Al"
"2115","HPDB/L, HPDB/Al"
"2116","HPDB/LW, HPDB/Al"
"2117","HPDB/LG, HPDB/Al"
"2118","HPDB/LGL, HPDB/Al"
"2119","HPDB/Y, HPDB/Al"
"2120","HPDB/R, HPDB/Al"
"2121","HPDB/RY, HPDB/Al"
"2122","HPDB/RW, HPDB/Al"
"2123","HPDB/LB, HPDB/Al"
"2124","HPDB/O, HPDB/Al"
"2125","HPDB/W, HPDB/Al"
"2126","HPDB/B, HPDB/Al"
"2127","HPDB/BW, HPDB/Al"
"2128","LG/DG, HPDB/Al"
"2129","LG/LW, HPDB/Al"
"2130","LG/HPDB, HPDB/Al"
"2131","LG/Y, HPDB/Al"
"2132","LG/R, HPDB/Al"
"2133","LG/RY, HPDB/Al"
"2134","LG/RW, HPDB/Al"
"2135","LG/DB, HPDB/Al"
"2136","LG/DBR, HPDB/Al"
"2137","LG/LB, HPDB/Al"
"2138","LG/O, HPDB/Al"
"2139","LG/B, HPDB/Al"
"2140","LG/BW, HPDB/Al"
"2141","LGL/DG, HPDB/Al"
"2142","LGL/HPDB, HPDB/Al"
"2143","LGL/Y, HPDB/Al"
"2144","LGL/R, HPDB/Al"
"2145","LGL/RY, HPDB/Al"
"2146","LGL/RW, HPDB/Al"
"2147","LGL/DB, HPDB/Al"
"2148","LGL/DBR, HPDB/Al"
"2149","LGL/LB, HPDB/Al"
"2150","LGL/O, HPDB/Al"
"2151","LGL/W, HPDB/Al"
"2152","LGL/B, HPDB/Al"
"2153","LGL/BW, HPDB/Al"
"2154","Y/L, HPDB/Al"
"2155","Y/LW, HPDB/Al"
"2156","Y/HPDB, HPDB/Al"
"2157","Y/LG, HPDB/Al"
"2158","Y/LGL, HPDB/Al"
"2159","Y/R, HPDB/Al"
"2160","Y/RW, HPDB/Al"
"2161","Y/DB, HPDB/Al"
"2162","Y/DBR, HPDB/Al"
"2163","Y/LB, HPDB/Al"
"2164","Y/O, HPDB/Al"
"2165","Y/W, HPDB/Al"
"2166","Y/B, HPDB/Al"
"2167","Y/BW, HPDB/Al"
"2168","R/DG, HPDB/Al"
"2169","R/L, HPDB/Al"
"2170","R/HPDB, HPDB/Al"
"2171","R/LG, HPDB/Al"
"2172","R/LGL, HPDB/Al"
"2173","R/Y, HPDB/Al"
"2174","R/DB, HPDB/Al"
"2175","R/LB, HPDB/Al"
"2176","R/O, HPDB/Al"
"2177","R/B, HPDB/Al"
"2178","RY/DG, HPDB/Al"
"2179","RY/L, HPDB/Al"
"2180","RY/LW, HPDB/Al"
"2181","RY/HPDB, HPDB/Al"
"2182","RY/LG, HPDB/Al"
"2183","RY/LGL, HPDB/Al"
"2184","RY/DB, HPDB/Al"
"2185","RY/O, HPDB/Al"
"2186","RY/B, HPDB/Al"
"2187","RY/BW, HPDB/Al"
"2188","RW/DG, HPDB/Al"
"2189","RW/L, HPDB/Al"
"2190","RW/HPDB, HPDB/Al"
"2191","RW/LGL, HPDB/Al"
"2192","RW/DB, HPDB/Al"
"2193","RW/LB, HPDB/Al"
"2194","RW/O, HPDB/Al"
"2195","RW/B, HPDB/Al"
"2196","DB/DG, HPDB/Al"
"2197","DB/L, HPDB/Al"
"2198","DB/LG, HPDB/Al"
"2199","DB/LGL, HPDB/Al"
"2200","DB/R, HPDB/Al"
"2201","DB/RY, HPDB/Al"
"2202","DB/RW, HPDB/Al"
"2203","DB/LB, HPDB/Al"
"2204","DB/O, HPDB/Al"
"2205","DB/W, HPDB/Al"
"2206","DB/B, HPDB/Al"
"2207","DB/BW, HPDB/Al"
"2208","DBR/DG, HPDB/Al"
"2209","DBR/L, HPDB/Al"
"2210","DBR/LW, HPDB/Al"
"2211","DBR/LG, HPDB/Al"
"2212","DBR/LGL, HPDB/Al"
"2213","DBR/Y, HPDB/Al"
"2214","DBR/LB, HPDB/Al"
"2215","DBR/O, HPDB/Al"
"2216","DBR/W, HPDB/Al"
"2217","DBR/B, HPDB/Al"
"2218","DBR/BW, HPDB/Al"
"2219","LB/DG, HPDB/Al"
"2220","LB/L, HPDB/Al"
"2221","LB/LW, HPDB/Al"
"2222","LB/HPDB, HPDB/Al"
"2223","LB/LG, HPDB/Al"
"2224","LB/LGL, HPDB/Al"
"2225","LB/Y, HPDB/Al"
"2226","LB/R, HPDB/Al"
"2227","LB/RW, HPDB/Al"
"2228","LB/DB, HPDB/Al"
"2229","LB/DBR, HPDB/Al"
"2230","LB/W, HPDB/Al"
"2231","LB/B, HPDB/Al"
"2232","O/DG, HPDB/Al"
"2233","O/L, HPDB/Al"
"2234","O/LW, HPDB/Al"
"2235","O/HPDB, HPDB/Al"
"2236","O/LG, HPDB/Al"
"2237","O/LGL, HPDB/Al"
"2238","O/Y, HPDB/Al"
"2239","O/R, HPDB/Al"
"2240","O/RY, HPDB/Al"
"2241","O/RW, HPDB/Al"
"2242","O/DBR, HPDB/Al"
"2243","O/LB, HPDB/Al"
"2244","O/W, HPDB/Al"
"2245","O/B, HPDB/Al"
"2246","O/BW, HPDB/Al"
"2247","W/L, HPDB/Al"
"2248","W/HPDB, HPDB/Al"
"2249","W/LGL, HPDB/Al"
"2250","W/R, HPDB/Al"
"2251","W/DB, HPDB/Al"
"2252","W/DBR, HPDB/Al"
"2253","W/LB, HPDB/Al"
"2254","W/O, HPDB/Al"
"2255","W/B, HPDB/Al"
"2256","B/DG, HPDB/Al"
"2257","B/L, HPDB/Al"
"2258","B/LW, HPDB/Al"
"2259","B/HPDB, HPDB/Al"
"2260","B/LG, HPDB/Al"
"2261","B/LGL, HPDB/Al"
"2262","B/Y, HPDB/Al"
"2263","B/R, HPDB/Al"
"2264","B/RY, HPDB/Al"
"2265","B/RW, HPDB/Al"
"2266","B/DB, HPDB/Al"
"2267","B/DBR, HPDB/Al"
"2268","B/LB, HPDB/Al"
"2269","B/W, HPDB/Al"
"2270","BW/DG, HPDB/Al"
"2271","BW/L, HPDB/Al"
"2272","BW/HPDB, HPDB/Al"
"2273","BW/LGL, HPDB/Al"
"2274","BW/Y, HPDB/Al"
"2275","BW/RY, HPDB/Al"
"2276","BW/DB, HPDB/Al"
"2277","BW/DBR, HPDB/Al"
"2278","DG/L, LGL/Al"
"2279","DG/LW, LGL/Al"
"2280","DG/HPDB, LGL/Al"
"2281","DG/LG, LGL/Al"
"2282","DG/LGL, LGL/Al"
"2283","DG/Y, LGL/Al"
"2284","DG/R, LGL/Al"
"2285","DG/RY, LGL/Al"
"2286","DG/RW, LGL/Al"
"2287","DG/DB, LGL/Al"
"2288","DG/DBR, LGL/Al"
"2289","DG/LB, LGL/Al"
"2290","DG/O, LGL/Al"
"2291","DG/W, LGL/Al"
"2292","DG/B, LGL/Al"
"2293","DG/BW, LGL/Al"
"2294","L/DG, LGL/Al"
"2295","L/HPDB, LGL/Al"
"2296","L/LG, LGL/Al"
"2297","L/Y, LGL/Al"
"2298","L/R, LGL/Al"
"2299","L/RY, LGL/Al"
"2300","L/RW, LGL/Al"
"2301","L/DB, LGL/Al"
"2302","L/DBR, LGL/Al"
"2303","L/LB, LGL/Al"
"2304","L/O, LGL/Al"
"2305","L/W, LGL/Al"
"2306","L/B, LGL/Al"
"2307","L/BW, LGL/Al"
"2308","LW/DG, LGL/Al"
"2309","LW/HPDB, LGL/Al"
"2310","LW/LG, LGL/Al"
"2311","LW/Y, LGL/Al"
"2312","LW/R, LGL/Al"
"2313","LW/RY, LGL/Al"
"2314","LW/DB, LGL/Al"
"2315","LW/DBR, LGL/Al"
"2316","LW/LB, LGL/Al"
"2317","LW/O, LGL/Al"
"2318","LW/B, LGL/Al"
"2319","HPDB/DG, LGL/Al"
"2320","HPDB/L, LGL/Al"
"2321","HPDB/LW, LGL/Al"
"2322","HPDB/LG, LGL/Al"
"2323","HPDB/LGL, LGL/Al"
"2324","HPDB/Y, LGL/Al"
"2325","HPDB/R, LGL/Al"
"2326","HPDB/RY, LGL/Al"
"2327","HPDB/RW, LGL/Al"
"2328","HPDB/LB, LGL/Al"
"2329","HPDB/O, LGL/Al"
"2330","HPDB/W, LGL/Al"
"2331","HPDB/B, LGL/Al"
"2332","HPDB/BW, LGL/Al"
"2333","LG/DG, LGL/Al"
"2334","LG/L, LGL/Al"
"2335","LG/LW, LGL/Al"
"2336","LG/HPDB, LGL/Al"
"2337","LG/Y, LGL/Al"
"2338","LG/R, LGL/Al"
"2339","LG/RY, LGL/Al"
"2340","LG/RW, LGL/Al"
"2341","LG/DB, LGL/Al"
"2342","LG/DBR, LGL/Al"
"2343","LG/LB, LGL/Al"
"2344","LG/O, LGL/Al"
"2345","LG/W, LGL/Al"
"2346","LG/B, LGL/Al"
"2347","LG/BW, LGL/Al"
"2348","LGL/DG, LGL/Al"
"2349","LGL/HPDB, LGL/Al"
"2350","LGL/Y, LGL/Al"
"2351","LGL/R, LGL/Al"
"2352","LGL/RY, LGL/Al"
"2353","LGL/RW, LGL/Al"
"2354","LGL/DB, LGL/Al"
"2355","LGL/DBR, LGL/Al"
"2356","LGL/LB, LGL/Al"
"2357","LGL/O, LGL/Al"
"2358","LGL/W, LGL/Al"
"2359","LGL/B, LGL/Al"
"2360","LGL/BW, LGL/Al"
"2361","Y/DG, LGL/Al"
"2362","Y/L, LGL/Al"
"2363","Y/LW, LGL/Al"
"2364","Y/HPDB, LGL/Al"
"2365","Y/LG, LGL/Al"
"2366","Y/LGL, LGL/Al"
"2367","Y/R, LGL/Al"
"2368","Y/RW, LGL/Al"
"2369","Y/DB, LGL/Al"
"2370","Y/DBR, LGL/Al"
"2371","Y/LB, LGL/Al"
"2372","Y/O, LGL/Al"
"2373","Y/B, LGL/Al"
"2374","Y/BW, LGL/Al"
"2375","R/DG, LGL/Al"
"2376","R/L, LGL/Al"
"2377","R/LW, LGL/Al"
"2378","R/HPDB, LGL/Al"
"2379","R/LG, LGL/Al"
"2380","R/LGL, LGL/Al"
"2381","R/Y, LGL/Al"
"2382","R/DB, LGL/Al"
"2383","R/LB, LGL/Al"
"2384","R/O, LGL/Al"
"2385","R/B, LGL/Al"
"2386","R/BW, LGL/Al"
"2387","RY/DG, LGL/Al"
"2388","RY/L, LGL/Al"
"2389","RY/LW, LGL/Al"
"2390","RY/HPDB, LGL/Al"
"2391","RY/LG, LGL/Al"
"2392","RY/LGL, LGL/Al"
"2393","RY/DB, LGL/Al"
"2394","RY/LB, LGL/Al"
"2395","RY/O, LGL/Al"
"2396","RY/W, LGL/Al"
"2397","RY/B, LGL/Al"
"2398","RY/BW, LGL/Al"
"2399","RW/L, LGL/Al"
"2400","RW/HPDB, LGL/Al"
"2401","RW/LG, LGL/Al"
"2402","RW/LGL, LGL/Al"
"2403","RW/Y, LGL/Al"
"2404","RW/DB, LGL/Al"
"2405","RW/LB, LGL/Al"
"2406","RW/O, LGL/Al"
"2407","RW/B, LGL/Al"
"2408","DB/DG, LGL/Al"
"2409","DB/L, LGL/Al"
"2410","DB/LW, LGL/Al"
"2411","DB/LG, LGL/Al"
"2412","DB/LGL, LGL/Al"
"2413","DB/Y, LGL/Al"
"2414","DB/R, LGL/Al"
"2415","DB/RY, LGL/Al"
"2416","DB/RW, LGL/Al"
"2417","DB/LB, LGL/Al"
"2418","DB/W, LGL/Al"
"2419","DB/B, LGL/Al"
"2420","DB/BW, LGL/Al"
"2421","DBR/DG, LGL/Al"
"2422","DBR/L, LGL/Al"
"2423","DBR/LW, LGL/Al"
"2424","DBR/LG, LGL/Al"
"2425","DBR/LGL, LGL/Al"
"2426","DBR/Y, LGL/Al"
"2427","DBR/LB, LGL/Al"
"2428","DBR/O, LGL/Al"
"2429","DBR/W, LGL/Al"
"2430","DBR/B, LGL/Al"
"2431","DBR/BW, LGL/Al"
"2432","LB/DG, LGL/Al"
"2433","LB/L, LGL/Al"
"2434","LB/LW, LGL/Al"
"2435","LB/HPDB, LGL/Al"
"2436","LB/LG, LGL/Al"
"2437","LB/LGL, LGL/Al"
"2438","LB/Y, LGL/Al"
"2439","LB/R, LGL/Al"
"2440","LB/RY, LGL/Al"
"2441","LB/RW, LGL/Al"
"2442","LB/DB, LGL/Al"
"2443","LB/DBR, LGL/Al"
"2444","LB/O, LGL/Al"
"2445","LB/W, LGL/Al"
"2446","LB/B, LGL/Al"
"2447","LB/BW, LGL/Al"
"2448","O/DG, LGL/Al"
"2449","O/LW, LGL/Al"
"2450","O/HPDB, LGL/Al"
"2451","O/LG, LGL/Al"
"2452","O/LGL, LGL/Al"
"2453","O/Y, LGL/Al"
"2454","O/R, LGL/Al"
"2455","O/RY, LGL/Al"
"2456","O/RW, LGL/Al"
"2457","O/DB, LGL/Al"
"2458","O/DBR, LGL/Al"
"2459","O/LB, LGL/Al"
"2460","O/W, LGL/Al"
"2461","O/B, LGL/Al"
"2462","O/BW, LGL/Al"
"2463","W/DG, LGL/Al"
"2464","W/L, LGL/Al"
"2465","W/HPDB, LGL/Al"
"2466","W/LG, LGL/Al"
"2467","W/LGL, LGL/Al"
"2468","W/R, LGL/Al"
"2469","W/RY, LGL/Al"
"2470","W/DB, LGL/Al"
"2471","W/DBR, LGL/Al"
"2472","W/LB, LGL/Al"
"2473","B/DG, LGL/Al"
"2474","B/L, LGL/Al"
"2475","B/LW, LGL/Al"
"2476","B/HPDB, LGL/Al"
"2477","B/LG, LGL/Al"
"2478","B/LGL, LGL/Al"
"2479","B/Y, LGL/Al"
"2480","B/RY, LGL/Al"
"2481","B/DB, LGL/Al"
"2482","B/DBR, LGL/Al"
"2483","B/LB, LGL/Al"
"2484","B/O, LGL/Al"
"2485","BW/DG, LGL/Al"
"2486","BW/L, LGL/Al"
"2487","BW/HPDB, LGL/Al"
"2488","BW/LGL, LGL/Al"
"2489","BW/Y, LGL/Al"
"2490","BW/R, LGL/Al"
"2491","BW/RY, LGL/Al"
"2492","BW/DB, LGL/Al"
"2493","BW/DBR, LGL/Al"
"2494","BW/LB, LGL/Al"
"2495","BW/O, LGL/Al"
"2496","DG/L, RY/Al"
"2497","DG/LW, RY/Al"
"2498","DG/LG, RY/Al"
"2499","DG/LGL, RY/Al"
"2500","DG/Y, RY/Al"
"2501","DG/RY, RY/Al"
"2502","DG/RW, RY/Al"
"2503","DG/DBR, RY/Al"
"2504","DG/LB, RY/Al"
"2505","DG/W, RY/Al"
"2506","DG/B, RY/Al"
"2507","DG/BW, RY/Al"
"2508","L/DG, RY/Al"
"2509","L/HPDB, RY/Al"
"2510","L/LG, RY/Al"
"2511","L/Y, RY/Al"
"2512","L/R, RY/Al"
"2513","L/RY, RY/Al"
"2514","L/RW, RY/Al"
"2515","L/DB, RY/Al"
"2516","L/DBR, RY/Al"
"2517","L/LB, RY/Al"
"2518","L/O, RY/Al"
"2519","L/W, RY/Al"
"2520","L/B, RY/Al"
"2521","L/BW, RY/Al"
"2522","LW/DG, RY/Al"
"2523","LW/HPDB, RY/Al"
"2524","LW/LG, RY/Al"
"2525","LW/Y, RY/Al"
"2526","LW/R, RY/Al"
"2527","LW/RY, RY/Al"
"2528","LW/DB, RY/Al"
"2529","LW/DBR, RY/Al"
"2530","LW/O, RY/Al"
"2531","LW/B, RY/Al"
"2532","HPDB/L, RY/Al"
"2533","HPDB/LW, RY/Al"
"2534","HPDB/LG, RY/Al"
"2535","HPDB/LGL, RY/Al"
"2536","HPDB/Y, RY/Al"
"2537","HPDB/R, RY/Al"
"2538","HPDB/RY, RY/Al"
"2539","HPDB/RW, RY/Al"
"2540","HPDB/O, RY/Al"
"2541","HPDB/B, RY/Al"
"2542","LG/DG, RY/Al"
"2543","LG/LW, RY/Al"
"2544","LG/HPDB, RY/Al"
"2545","LG/Y, RY/Al"
"2546","LG/R, RY/Al"
"2547","LG/RY, RY/Al"
"2548","LG/RW, RY/Al"
"2549","LG/DB, RY/Al"
"2550","LG/DBR, RY/Al"
"2551","LG/LB, RY/Al"
"2552","LG/O, RY/Al"
"2553","LG/B, RY/Al"
"2554","LG/BW, RY/Al"
"2555","LGL/DG, RY/Al"
"2556","LGL/HPDB, RY/Al"
"2557","LGL/Y, RY/Al"
"2558","LGL/R, RY/Al"
"2559","LGL/RY, RY/Al"
"2560","LGL/RW, RY/Al"
"2561","LGL/DB, RY/Al"
"2562","LGL/DBR, RY/Al"
"2563","LGL/LB, RY/Al"
"2564","LGL/O, RY/Al"
"2565","LGL/W, RY/Al"
"2566","LGL/B, RY/Al"
"2567","LGL/BW, RY/Al"
"2568","Y/DG, RY/Al"
"2569","Y/L, RY/Al"
"2570","Y/LW, RY/Al"
"2571","Y/HPDB, RY/Al"
"2572","Y/LG, RY/Al"
"2573","Y/LGL, RY/Al"
"2574","Y/R, RY/Al"
"2575","Y/RW, RY/Al"
"2576","Y/DB, RY/Al"
"2577","Y/DBR, RY/Al"
"2578","Y/LB, RY/Al"
"2579","Y/O, RY/Al"
"2580","Y/W, RY/Al"
"2581","Y/B, RY/Al"
"2582","Y/BW, RY/Al"
"2583","R/DG, RY/Al"
"2584","R/L, RY/Al"
"2585","R/LW, RY/Al"
"2586","R/HPDB, RY/Al"
"2587","R/LG, RY/Al"
"2588","R/LGL, RY/Al"
"2589","R/Y, RY/Al"
"2590","R/LB, RY/Al"
"2591","R/O, RY/Al"
"2592","R/W, RY/Al"
"2593","R/B, RY/Al"
"2594","R/BW, RY/Al"
"2595","RY/DG, RY/Al"
"2596","RY/L, RY/Al"
"2597","RY/LW, RY/Al"
"2598","RY/HPDB, RY/Al"
"2599","RY/LG, RY/Al"
"2600","RY/LGL, RY/Al"
"2601","RY/DB, RY/Al"
"2602","RY/LB, RY/Al"
"2603","RY/O, RY/Al"
"2604","RY/W, RY/Al"
"2605","RY/B, RY/Al"
"2606","RY/BW, RY/Al"
"2607","RW/DG, RY/Al"
"2608","RW/L, RY/Al"
"2609","RW/HPDB, RY/Al"
"2610","RW/LG, RY/Al"
"2611","RW/LGL, RY/Al"
"2612","RW/Y, RY/Al"
"2613","RW/DB, RY/Al"
"2614","RW/LB, RY/Al"
"2615","RW/O, RY/Al"
"2616","RW/B, RY/Al"
"2617","DB/L, RY/Al"
"2618","DB/LW, RY/Al"
"2619","DB/LG, RY/Al"
"2620","DB/LGL, RY/Al"
"2621","DB/Y, RY/Al"
"2622","DB/RY, RY/Al"
"2623","DB/RW, RY/Al"
"2624","DB/LB, RY/Al"
"2625","DB/O, RY/Al"
"2626","DB/W, RY/Al"
"2627","DB/BW, RY/Al"
"2628","DBR/DG, RY/Al"
"2629","DBR/L, RY/Al"
"2630","DBR/LW, RY/Al"
"2631","DBR/LG, RY/Al"
"2632","DBR/LGL, RY/Al"
"2633","DBR/Y, RY/Al"
"2634","DBR/LB, RY/Al"
"2635","DBR/O, RY/Al"
"2636","DBR/W, RY/Al"
"2637","DBR/B, RY/Al"
"2638","DBR/BW, RY/Al"
"2639","LB/DG, RY/Al"
"2640","LB/L, RY/Al"
"2641","LB/LG, RY/Al"
"2642","LB/LGL, RY/Al"
"2643","LB/Y, RY/Al"
"2644","LB/R, RY/Al"
"2645","LB/RY, RY/Al"
"2646","LB/RW, RY/Al"
"2647","LB/DB, RY/Al"
"2648","LB/DBR, RY/Al"
"2649","LB/O, RY/Al"
"2650","LB/W, RY/Al"
"2651","LB/B, RY/Al"
"2652","LB/BW, RY/Al"
"2653","O/DG, RY/Al"
"2654","O/L, RY/Al"
"2655","O/LW, RY/Al"
"2656","O/HPDB, RY/Al"
"2657","O/LG, RY/Al"
"2658","O/LGL, RY/Al"
"2659","O/Y, RY/Al"
"2660","O/R, RY/Al"
"2661","O/RY, RY/Al"
"2662","O/RW, RY/Al"
"2663","O/DB, RY/Al"
"2664","O/DBR, RY/Al"
"2665","O/LB, RY/Al"
"2666","O/W, RY/Al"
"2667","O/B, RY/Al"
"2668","O/BW, RY/Al"
"2669","W/DG, RY/Al"
"2670","W/L, RY/Al"
"2671","W/LGL, RY/Al"
"2672","W/Y, RY/Al"
"2673","W/R, RY/Al"
"2674","W/RY, RY/Al"
"2675","W/DBR, RY/Al"
"2676","W/LB, RY/Al"
"2677","W/O, RY/Al"
"2678","W/B, RY/Al"
"2679","B/DG, RY/Al"
"2680","B/L, RY/Al"
"2681","B/LW, RY/Al"
"2682","B/HPDB, RY/Al"
"2683","B/LG, RY/Al"
"2684","B/LGL, RY/Al"
"2685","B/Y, RY/Al"
"2686","B/R, RY/Al"
"2687","B/RY, RY/Al"
"2688","B/RW, RY/Al"
"2689","B/DBR, RY/Al"
"2690","B/LB, RY/Al"
"2691","B/O, RY/Al"
"2692","B/W, RY/Al"
"2693","BW/DG, RY/Al"
"2694","BW/L, RY/Al"
"2695","BW/HPDB, RY/Al"
"2696","BW/LG, RY/Al"
"2697","BW/LGL, RY/Al"
"2698","BW/Y, RY/Al"
"2699","BW/R, RY/Al"
"2700","BW/RY, RY/Al"
"2701","BW/DB, RY/Al"
"2702","BW/DBR, RY/Al"
"2703","BW/LB, RY/Al"
"2704","BW/O, RY/Al"
"2705","DG/L, LW/Al"
"2706","DG/LW, LW/Al"
"2707","DG/LG, LW/Al"
"2708","DG/LGL, LW/Al"
"2709","DG/R, LW/Al"
"2710","DG/RY, LW/Al"
"2711","DG/RW, LW/Al"
"2712","DG/DB, LW/Al"
"2713","DG/DBR, LW/Al"
"2714","DG/LB, LW/Al"
"2715","DG/W, LW/Al"
"2716","DG/B, LW/Al"
"2717","DG/BW, LW/Al"
"2718","L/DG, LW/Al"
"2719","L/HPDB, LW/Al"
"2720","L/LG, LW/Al"
"2721","L/Y, LW/Al"
"2722","L/RY, LW/Al"
"2723","L/RW, LW/Al"
"2724","L/DB, LW/Al"
"2725","L/DBR, LW/Al"
"2726","L/LB, LW/Al"
"2727","L/O, LW/Al"
"2728","L/W, LW/Al"
"2729","L/B, LW/Al"
"2730","L/BW, LW/Al"
"2731","LW/DG, LW/Al"
"2732","LW/LG, LW/Al"
"2733","LW/Y, LW/Al"
"2734","LW/R, LW/Al"
"2735","LW/RY, LW/Al"
"2736","LW/DB, LW/Al"
"2737","LW/DBR, LW/Al"
"2738","LW/LB, LW/Al"
"2739","LW/O, LW/Al"
"2740","LW/B, LW/Al"
"2741","HPDB/DG, LW/Al"
"2742","HPDB/L, LW/Al"
"2743","HPDB/LW, LW/Al"
"2744","HPDB/LGL, LW/Al"
"2745","HPDB/Y, LW/Al"
"2746","HPDB/R, LW/Al"
"2747","HPDB/RY, LW/Al"
"2748","HPDB/RW, LW/Al"
"2749","HPDB/LB, LW/Al"
"2750","HPDB/W, LW/Al"
"2751","HPDB/B, LW/Al"
"2752","LG/DG, LW/Al"
"2753","LG/L, LW/Al"
"2754","LG/LW, LW/Al"
"2755","LG/Y, LW/Al"
"2756","LG/RY, LW/Al"
"2757","LG/DB, LW/Al"
"2758","LG/DBR, LW/Al"
"2759","LG/LB, LW/Al"
"2760","LG/O, LW/Al"
"2761","LG/W, LW/Al"
"2762","LG/B, LW/Al"
"2763","LG/BW, LW/Al"
"2764","LGL/DG, LW/Al"
"2765","LGL/HPDB, LW/Al"
"2766","LGL/Y, LW/Al"
"2767","LGL/R, LW/Al"
"2768","LGL/RY, LW/Al"
"2769","LGL/RW, LW/Al"
"2770","LGL/DB, LW/Al"
"2771","LGL/DBR, LW/Al"
"2772","LGL/LB, LW/Al"
"2773","LGL/O, LW/Al"
"2774","LGL/W, LW/Al"
"2775","LGL/B, LW/Al"
"2776","LGL/BW, LW/Al"
"2777","Y/LW, LW/Al"
"2778","Y/LG, LW/Al"
"2779","Y/LGL, LW/Al"
"2780","Y/R, LW/Al"
"2781","Y/RW, LW/Al"
"2782","Y/DB, LW/Al"
"2783","Y/DBR, LW/Al"
"2784","Y/LB, LW/Al"
"2785","Y/O, LW/Al"
"2786","Y/W, LW/Al"
"2787","Y/B, LW/Al"
"2788","Y/BW, LW/Al"
"2789","R/DG, LW/Al"
"2790","R/L, LW/Al"
"2791","R/LW, LW/Al"
"2792","R/HPDB, LW/Al"
"2793","R/LG, LW/Al"
"2794","R/LGL, LW/Al"
"2795","R/Y, LW/Al"
"2796","R/DB, LW/Al"
"2797","R/LB, LW/Al"
"2798","R/O, LW/Al"
"2799","R/W, LW/Al"
"2800","R/B, LW/Al"
"2801","RY/DG, LW/Al"
"2802","RY/L, LW/Al"
"2803","RY/LW, LW/Al"
"2804","RY/HPDB, LW/Al"
"2805","RY/LG, LW/Al"
"2806","RY/LGL, LW/Al"
"2807","RY/DB, LW/Al"
"2808","RY/LB, LW/Al"
"2809","RY/O, LW/Al"
"2810","RY/B, LW/Al"
"2811","RY/BW, LW/Al"
"2812","RW/DG, LW/Al"
"2813","RW/L, LW/Al"
"2814","RW/HPDB, LW/Al"
"2815","RW/LGL, LW/Al"
"2816","RW/Y, LW/Al"
"2817","RW/DB, LW/Al"
"2818","RW/LB, LW/Al"
"2819","RW/O, LW/Al"
"2820","RW/B, LW/Al"
"2821","DB/DG, LW/Al"
"2822","DB/L, LW/Al"
"2823","DB/LW, LW/Al"
"2824","DB/LG, LW/Al"
"2825","DB/LGL, LW/Al"
"2826","DB/Y, LW/Al"
"2827","DB/R, LW/Al"
"2828","DB/RY, LW/Al"
"2829","DB/RW, LW/Al"
"2830","DB/LB, LW/Al"
"2831","DB/O, LW/Al"
"2832","DB/B, LW/Al"
"2833","DB/BW, LW/Al"
"2834","DBR/DG, LW/Al"
"2835","DBR/L, LW/Al"
"2836","DBR/LW, LW/Al"
"2837","DBR/LG, LW/Al"
"2838","DBR/LGL, LW/Al"
"2839","DBR/Y, LW/Al"
"2840","DBR/LB, LW/Al"
"2841","DBR/O, LW/Al"
"2842","DBR/W, LW/Al"
"2843","DBR/B, LW/Al"
"2844","DBR/BW, LW/Al"
"2845","LB/DG, LW/Al"
"2846","LB/L, LW/Al"
"2847","LB/LW, LW/Al"
"2848","LB/HPDB, LW/Al"
"2849","LB/LG, LW/Al"
"2850","LB/LGL, LW/Al"
"2851","LB/Y, LW/Al"
"2852","LB/R, LW/Al"
"2853","LB/RW, LW/Al"
"2854","LB/DB, LW/Al"
"2855","LB/DBR, LW/Al"
"2856","LB/W, LW/Al"
"2857","LB/B, LW/Al"
"2858","LB/BW, LW/Al"
"2859","O/L, LW/Al"
"2860","O/LW, LW/Al"
"2861","O/LG, LW/Al"
"2862","O/LGL, LW/Al"
"2863","O/Y, LW/Al"
"2864","O/RY, LW/Al"
"2865","O/RW, LW/Al"
"2866","O/DBR, LW/Al"
"2867","O/W, LW/Al"
"2868","O/B, LW/Al"
"2869","O/BW, LW/Al"
"2870","W/DG, LW/Al"
"2871","W/L, LW/Al"
"2872","W/HPDB, LW/Al"
"2873","W/LG, LW/Al"
"2874","W/LGL, LW/Al"
"2875","W/R, LW/Al"
"2876","W/DBR, LW/Al"
"2877","W/LB, LW/Al"
"2878","W/B, LW/Al"
"2879","B/DG, LW/Al"
"2880","B/L, LW/Al"
"2881","B/LW, LW/Al"
"2882","B/HPDB, LW/Al"
"2883","B/LGL, LW/Al"
"2884","B/Y, LW/Al"
"2885","B/R, LW/Al"
"2886","B/RY, LW/Al"
"2887","B/RW, LW/Al"
"2888","B/DBR, LW/Al"
"2889","B/LB, LW/Al"
"2890","B/O, LW/Al"
"2891","B/W, LW/Al"
"2892","BW/DG, LW/Al"
"2893","BW/L, LW/Al"
"2894","BW/HPDB, LW/Al"
"2895","BW/LG, LW/Al"
"2896","BW/LGL, LW/Al"
"2897","BW/RY, LW/Al"
"2898","BW/DBR, LW/Al"
"2899","BW/LB, LW/Al"
"2900","BW/O, LW/Al"
"2901","DG/L, DBR/Al"
"2902","DG/LW, DBR/Al"
"2903","DG/HPDB, DBR/Al"
"2904","DG/LG, DBR/Al"
"2905","DG/LGL, DBR/Al"
"2906","DG/Y, DBR/Al"
"2907","DG/R, DBR/Al"
"2908","DG/RY, DBR/Al"
"2909","DG/RW, DBR/Al"
"2910","DG/DB, DBR/Al"
"2911","DG/DBR, DBR/Al"
"2912","DG/LB, DBR/Al"
"2913","DG/O, DBR/Al"
"2914","DG/W, DBR/Al"
"2915","DG/B, DBR/Al"
"2916","DG/BW, DBR/Al"
"2917","L/DG, DBR/Al"
"2918","L/HPDB, DBR/Al"
"2919","L/LG, DBR/Al"
"2920","L/Y, DBR/Al"
"2921","L/R, DBR/Al"
"2922","L/RY, DBR/Al"
"2923","L/RW, DBR/Al"
"2924","L/DB, DBR/Al"
"2925","L/DBR, DBR/Al"
"2926","L/LB, DBR/Al"
"2927","L/O, DBR/Al"
"2928","L/W, DBR/Al"
"2929","L/B, DBR/Al"
"2930","L/BW, DBR/Al"
"2931","LW/DG, DBR/Al"
"2932","LW/HPDB, DBR/Al"
"2933","LW/LG, DBR/Al"
"2934","LW/Y, DBR/Al"
"2935","LW/R, DBR/Al"
"2936","LW/RY, DBR/Al"
"2937","LW/DB, DBR/Al"
"2938","LW/DBR, DBR/Al"
"2939","LW/LB, DBR/Al"
"2940","LW/O, DBR/Al"
"2941","LW/B, DBR/Al"
"2942","HPDB/DG, DBR/Al"
"2943","HPDB/L, DBR/Al"
"2944","HPDB/LW, DBR/Al"
"2945","HPDB/LG, DBR/Al"
"2946","HPDB/LGL, DBR/Al"
"2947","HPDB/Y, DBR/Al"
"2948","HPDB/R, DBR/Al"
"2949","HPDB/RY, DBR/Al"
"2950","HPDB/RW, DBR/Al"
"2951","HPDB/LB, DBR/Al"
"2952","HPDB/O, DBR/Al"
"2953","HPDB/W, DBR/Al"
"2954","HPDB/B, DBR/Al"
"2955","HPDB/BW, DBR/Al"
"2956","LG/DG, DBR/Al"
"2957","LG/L, DBR/Al"
"2958","LG/LW, DBR/Al"
"2959","LG/HPDB, DBR/Al"
"2960","LG/Y, DBR/Al"
"2961","LG/R, DBR/Al"
"2962","LG/RY, DBR/Al"
"2963","LG/RW, DBR/Al"
"2964","LG/DB, DBR/Al"
"2965","LG/DBR, DBR/Al"
"2966","LG/LB, DBR/Al"
"2967","LG/O, DBR/Al"
"2968","LG/W, DBR/Al"
"2969","LG/B, DBR/Al"
"2970","LG/BW, DBR/Al"
"2971","LGL/DG, DBR/Al"
"2972","LGL/HPDB, DBR/Al"
"2973","LGL/Y, DBR/Al"
"2974","LGL/R, DBR/Al"
"2975","LGL/RY, DBR/Al"
"2976","LGL/RW, DBR/Al"
"2977","LGL/DB, DBR/Al"
"2978","LGL/DBR, DBR/Al"
"2979","LGL/LB, DBR/Al"
"2980","LGL/O, DBR/Al"
"2981","LGL/W, DBR/Al"
"2982","LGL/B, DBR/Al"
"2983","LGL/BW, DBR/Al"
"2984","Y/DG, DBR/Al"
"2985","Y/L, DBR/Al"
"2986","Y/LW, DBR/Al"
"2987","Y/HPDB, DBR/Al"
"2988","Y/LG, DBR/Al"
"2989","Y/LGL, DBR/Al"
"2990","Y/R, DBR/Al"
"2991","Y/RW, DBR/Al"
"2992","Y/DB, DBR/Al"
"2993","Y/DBR, DBR/Al"
"2994","Y/LB, DBR/Al"
"2995","Y/O, DBR/Al"
"2996","Y/W, DBR/Al"
"2997","Y/B, DBR/Al"
"2998","Y/BW, DBR/Al"
"2999","R/DG, DBR/Al"
"3000","R/L, DBR/Al"
"3001","R/LW, DBR/Al"
"3002","R/HPDB, DBR/Al"
"3003","R/LG, DBR/Al"
"3004","R/LGL, DBR/Al"
"3005","R/Y, DBR/Al"
"3006","R/DB, DBR/Al"
"3007","R/LB, DBR/Al"
"3008","R/O, DBR/Al"
"3009","R/W, DBR/Al"
"3010","R/B, DBR/Al"
"3011","R/BW, DBR/Al"
"3012","RY/DG, DBR/Al"
"3013","RY/L, DBR/Al"
"3014","RY/LW, DBR/Al"
"3015","RY/HPDB, DBR/Al"
"3016","RY/LG, DBR/Al"
"3017","RY/LGL, DBR/Al"
"3018","RY/DB, DBR/Al"
"3019","RY/LB, DBR/Al"
"3020","RY/O, DBR/Al"
"3021","RY/W, DBR/Al"
"3022","RY/B, DBR/Al"
"3023","RY/BW, DBR/Al"
"3024","RW/DG, DBR/Al"
"3025","RW/L, DBR/Al"
"3026","RW/HPDB, DBR/Al"
"3027","RW/LG, DBR/Al"
"3028","RW/LGL, DBR/Al"
"3029","RW/Y, DBR/Al"
"3030","RW/DB, DBR/Al"
"3031","RW/LB, DBR/Al"
"3032","RW/O, DBR/Al"
"3033","RW/B, DBR/Al"
"3034","DB/DG, DBR/Al"
"3035","DB/L, DBR/Al"
"3036","DB/LW, DBR/Al"
"3037","DB/LG, DBR/Al"
"3038","DB/LGL, DBR/Al"
"3039","DB/Y, DBR/Al"
"3040","DB/R, DBR/Al"
"3041","DB/RY, DBR/Al"
"3042","DB/RW, DBR/Al"
"3043","DB/LB, DBR/Al"
"3044","DB/O, DBR/Al"
"3045","DB/W, DBR/Al"
"3046","DB/B, DBR/Al"
"3047","DB/BW, DBR/Al"
"3048","DBR/DG, DBR/Al"
"3049","DBR/L, DBR/Al"
"3050","DBR/LW, DBR/Al"
"3051","DBR/LG, DBR/Al"
"3052","DBR/LGL, DBR/Al"
"3053","DBR/Y, DBR/Al"
"3054","DBR/LB, DBR/Al"
"3055","DBR/O, DBR/Al"
"3056","DBR/W, DBR/Al"
"3057","DBR/B, DBR/Al"
"3058","DBR/BW, DBR/Al"
"3059","LB/DG, DBR/Al"
"3060","LB/L, DBR/Al"
"3061","LB/LW, DBR/Al"
"3062","LB/HPDB, DBR/Al"
"3063","LB/LG, DBR/Al"
"3064","LB/LGL, DBR/Al"
"3065","LB/Y, DBR/Al"
"3066","LB/R, DBR/Al"
"3067","LB/RY, DBR/Al"
"3068","LB/RW, DBR/Al"
"3069","LB/DB, DBR/Al"
"3070","LB/DBR, DBR/Al"
"3071","LB/O, DBR/Al"
"3072","LB/W, DBR/Al"
"3073","LB/B, DBR/Al"
"3074","LB/BW, DBR/Al"
"3075","O/DG, DBR/Al"
"3076","O/L, DBR/Al"
"3077","O/LW, DBR/Al"
"3078","O/HPDB, DBR/Al"
"3079","O/LG, DBR/Al"
"3080","O/LGL, DBR/Al"
"3081","O/Y, DBR/Al"
"3082","O/R, DBR/Al"
"3083","O/RY, DBR/Al"
"3084","O/RW, DBR/Al"
"3085","O/DB, DBR/Al"
"3086","O/DBR, DBR/Al"
"3087","O/LB, DBR/Al"
"3088","O/W, DBR/Al"
"3089","O/B, DBR/Al"
"3090","O/BW, DBR/Al"
"3091","W/DG, DBR/Al"
"3092","W/L, DBR/Al"
"3093","W/HPDB, DBR/Al"
"3094","W/LG, DBR/Al"
"3095","W/LGL, DBR/Al"
"3096","W/Y, DBR/Al"
"3097","W/R, DBR/Al"
"3098","W/RY, DBR/Al"
"3099","W/DB, DBR/Al"
"3100","W/DBR, DBR/Al"
"3101","W/LB, DBR/Al"
"3102","W/O, DBR/Al"
"3103","W/B, DBR/Al"
"3104","B/DG, DBR/Al"
"3105","B/L, DBR/Al"
"3106","B/LW, DBR/Al"
"3107","B/HPDB, DBR/Al"
"3108","B/LG, DBR/Al"
"3109","B/LGL, DBR/Al"
"3110","B/Y, DBR/Al"
"3111","B/R, DBR/Al"
"3112","B/RY, DBR/Al"
"3113","B/RW, DBR/Al"
"3114","B/DB, DBR/Al"
"3115","B/DBR, DBR/Al"
"3116","B/LB, DBR/Al"
"3117","B/O, DBR/Al"
"3118","B/W, DBR/Al"
"3119","BW/DG, DBR/Al"
"3120","BW/L, DBR/Al"
"3121","BW/HPDB, DBR/Al"
"3122","BW/LG, DBR/Al"
"3123","BW/LGL, DBR/Al"
"3124","BW/Y, DBR/Al"
"3125","BW/R, DBR/Al"
"3126","BW/RY, DBR/Al"
"3127","BW/DB, DBR/Al"
"3128","BW/DBR, DBR/Al"
"3129","BW/LB, DBR/Al"
"3130","BW/O, DBR/Al"
"3131","DG/L, RW/Al"
"3132","DG/LW, RW/Al"
"3133","DG/LG, RW/Al"
"3134","DG/LGL, RW/Al"
"3135","DG/Y, RW/Al"
"3136","DG/DB, RW/Al"
"3137","DG/DBR, RW/Al"
"3138","DG/LB, RW/Al"
"3139","DG/O, RW/Al"
"3140","DG/W, RW/Al"
"3141","DG/B, RW/Al"
"3142","DG/BW, RW/Al"
"3143","L/DG, RW/Al"
"3144","L/HPDB, RW/Al"
"3145","L/LG, RW/Al"
"3146","L/Y, RW/Al"
"3147","L/R, RW/Al"
"3148","L/RW, RW/Al"
"3149","L/DBR, RW/Al"
"3150","L/LB, RW/Al"
"3151","L/O, RW/Al"
"3152","L/W, RW/Al"
"3153","L/B, RW/Al"
"3154","L/BW, RW/Al"
"3155","LW/DG, RW/Al"
"3156","LW/HPDB, RW/Al"
"3157","LW/Y, RW/Al"
"3158","LW/R, RW/Al"
"3159","LW/DB, RW/Al"
"3160","LW/DBR, RW/Al"
"3161","LW/LB, RW/Al"
"3162","LW/O, RW/Al"
"3163","LW/B, RW/Al"
"3164","HPDB/DG, RW/Al"
"3165","HPDB/L, RW/Al"
"3166","HPDB/LW, RW/Al"
"3167","HPDB/LG, RW/Al"
"3168","HPDB/LGL, RW/Al"
"3169","HPDB/R, RW/Al"
"3170","HPDB/RY, RW/Al"
"3171","HPDB/RW, RW/Al"
"3172","HPDB/LB, RW/Al"
"3173","HPDB/O, RW/Al"
"3174","HPDB/W, RW/Al"
"3175","HPDB/B, RW/Al"
"3176","HPDB/BW, RW/Al"
"3177","LG/DG, RW/Al"
"3178","LG/L, RW/Al"
"3179","LG/LW, RW/Al"
"3180","LG/HPDB, RW/Al"
"3181","LG/Y, RW/Al"
"3182","LG/R, RW/Al"
"3183","LG/RY, RW/Al"
"3184","LG/RW, RW/Al"
"3185","LG/DB, RW/Al"
"3186","LG/DBR, RW/Al"
"3187","LG/LB, RW/Al"
"3188","LG/W, RW/Al"
"3189","LG/B, RW/Al"
"3190","LG/BW, RW/Al"
"3191","LGL/DG, RW/Al"
"3192","LGL/HPDB, RW/Al"
"3193","LGL/Y, RW/Al"
"3194","LGL/R, RW/Al"
"3195","LGL/RY, RW/Al"
"3196","LGL/RW, RW/Al"
"3197","LGL/DB, RW/Al"
"3198","LGL/DBR, RW/Al"
"3199","LGL/LB, RW/Al"
"3200","LGL/O, RW/Al"
"3201","LGL/W, RW/Al"
"3202","LGL/B, RW/Al"
"3203","LGL/BW, RW/Al"
"3204","Y/DG, RW/Al"
"3205","Y/L, RW/Al"
"3206","Y/LW, RW/Al"
"3207","Y/LG, RW/Al"
"3208","Y/LGL, RW/Al"
"3209","Y/R, RW/Al"
"3210","Y/RW, RW/Al"
"3211","Y/DBR, RW/Al"
"3212","Y/LB, RW/Al"
"3213","Y/O, RW/Al"
"3214","Y/W, RW/Al"
"3215","Y/B, RW/Al"
"3216","Y/BW, RW/Al"
"3217","R/DG, RW/Al"
"3218","R/L, RW/Al"
"3219","R/LW, RW/Al"
"3220","R/HPDB, RW/Al"
"3221","R/LG, RW/Al"
"3222","R/LGL, RW/Al"
"3223","R/Y, RW/Al"
"3224","R/DB, RW/Al"
"3225","R/LB, RW/Al"
"3226","R/O, RW/Al"
"3227","R/W, RW/Al"
"3228","R/BW, RW/Al"
"3229","RY/HPDB, RW/Al"
"3230","RY/LG, RW/Al"
"3231","RY/LGL, RW/Al"
"3232","RY/DB, RW/Al"
"3233","RY/O, RW/Al"
"3234","RY/W, RW/Al"
"3235","RY/B, RW/Al"
"3236","RY/BW, RW/Al"
"3237","RW/DG, RW/Al"
"3238","RW/L, RW/Al"
"3239","RW/HPDB, RW/Al"
"3240","RW/LG, RW/Al"
"3241","RW/LGL, RW/Al"
"3242","RW/Y, RW/Al"
"3243","RW/DB, RW/Al"
"3244","RW/LB, RW/Al"
"3245","RW/O, RW/Al"
"3246","RW/B, RW/Al"
"3247","DB/DG, RW/Al"
"3248","DB/L, RW/Al"
"3249","DB/LW, RW/Al"
"3250","DB/LGL, RW/Al"
"3251","DB/RY, RW/Al"
"3252","DB/RW, RW/Al"
"3253","DB/LB, RW/Al"
"3254","DB/BW, RW/Al"
"3255","DBR/DG, RW/Al"
"3256","DBR/L, RW/Al"
"3257","DBR/LW, RW/Al"
"3258","DBR/LG, RW/Al"
"3259","DBR/LGL, RW/Al"
"3260","DBR/Y, RW/Al"
"3261","DBR/LB, RW/Al"
"3262","DBR/O, RW/Al"
"3263","DBR/W, RW/Al"
"3264","DBR/B, RW/Al"
"3265","DBR/BW, RW/Al"
"3266","LB/DG, RW/Al"
"3267","LB/L, RW/Al"
"3268","LB/LW, RW/Al"
"3269","LB/HPDB, RW/Al"
"3270","LB/LG, RW/Al"
"3271","LB/LGL, RW/Al"
"3272","LB/Y, RW/Al"
"3273","LB/R, RW/Al"
"3274","LB/RW, RW/Al"
"3275","LB/DB, RW/Al"
"3276","LB/DBR, RW/Al"
"3277","LB/O, RW/Al"
"3278","LB/W, RW/Al"
"3279","LB/B, RW/Al"
"3280","LB/BW, RW/Al"
"3281","O/DG, RW/Al"
"3282","O/L, RW/Al"
"3283","O/LW, RW/Al"
"3284","O/HPDB, RW/Al"
"3285","O/LGL, RW/Al"
"3286","O/Y, RW/Al"
"3287","O/R, RW/Al"
"3288","O/RY, RW/Al"
"3289","O/RW, RW/Al"
"3290","O/DB, RW/Al"
"3291","O/DBR, RW/Al"
"3292","O/LB, RW/Al"
"3293","O/W, RW/Al"
"3294","O/B, RW/Al"
"3295","W/DG, RW/Al"
"3296","W/L, RW/Al"
"3297","W/HPDB, RW/Al"
"3298","W/LGL, RW/Al"
"3299","W/Y, RW/Al"
"3300","W/R, RW/Al"
"3301","W/RY, RW/Al"
"3302","W/DBR, RW/Al"
"3303","W/LB, RW/Al"
"3304","W/O, RW/Al"
"3305","W/B, RW/Al"
"3306","B/DG, RW/Al"
"3307","B/L, RW/Al"
"3308","B/LW, RW/Al"
"3309","B/HPDB, RW/Al"
"3310","B/LG, RW/Al"
"3311","B/R, RW/Al"
"3312","B/RY, RW/Al"
"3313","B/RW, RW/Al"
"3314","B/DBR, RW/Al"
"3315","B/LB, RW/Al"
"3316","B/O, RW/Al"
"3317","B/W, RW/Al"
"3318","BW/DG, RW/Al"
"3319","BW/L, RW/Al"
"3320","BW/HPDB, RW/Al"
"3321","BW/LG, RW/Al"
"3322","BW/LGL, RW/Al"
"3323","BW/Y, RW/Al"
"3324","BW/R, RW/Al"
"3325","BW/RY, RW/Al"
"3326","BW/DB, RW/Al"
"3327","BW/DBR, RW/Al"
"3328","BW/LB, RW/Al"
"3329","BW/O, RW/Al"
